
create table stocks (
    product text,
    stock numeric,
    ts timestamp,
    constraint pk_stocks primary key (product, ts)
);

create table orders (
    order_id text,
    product text,
    qty numeric,
    ts timestamp,
    constraint pk_orders primary key (order_id)
);

create table orders_history (
    order_id text,
    status text,
    ts timestamp,
    constraint pk_orders_history primary key (order_id, ts)
);

insert into stocks (product, stock, ts) values ('Камин', 107, '2021-07-19 08:10:00'::timestamp);
insert into orders (order_id, product, qty, ts) values ('4648067228804137664', 'Лампочка', 8, '2021-07-19 08:20:48'::timestamp);
insert into orders_history (order_id, status, ts) values ('4648067228804137664', 'CREATED', '2021-07-19 08:20:48'::timestamp);
insert into stocks (product, stock, ts) values ('Лампочка', 30, '2021-07-19 08:21:00'::timestamp);
insert into orders (order_id, product, qty, ts) values ('8571290578929308140', 'Отвертка', 1, '2021-07-19 08:33:42'::timestamp);
insert into orders_history (order_id, status, ts) values ('8571290578929308140', 'CREATED', '2021-07-19 08:33:42'::timestamp);
insert into stocks (product, stock, ts) values ('Отвертка', 0, '2021-07-19 08:34:00'::timestamp);
insert into stocks (product, stock, ts) values ('Газонокосилка', 52, '2021-07-19 08:48:00'::timestamp);
insert into orders_history (order_id, status, ts) values ('4648067228804137664', 'CANCELLED', '2021-07-19 09:00:55'::timestamp);
insert into stocks (product, stock, ts) values ('Лампочка', 38, '2021-07-19 09:01:00'::timestamp);
insert into stocks (product, stock, ts) values ('Отвертка', 69, '2021-07-19 09:10:00'::timestamp);
insert into stocks (product, stock, ts) values ('Люстра', 32, '2021-07-19 09:22:00'::timestamp);
insert into orders (order_id, product, qty, ts) values ('7922401776787477735', 'Лампочка', 11, '2021-07-19 09:25:45'::timestamp);
insert into orders_history (order_id, status, ts) values ('7922401776787477735', 'CREATED', '2021-07-19 09:25:45'::timestamp);
insert into stocks (product, stock, ts) values ('Лампочка', 19, '2021-07-19 09:26:00'::timestamp);
insert into orders (order_id, product, qty, ts) values ('7305473771131609580', 'Газонокосилка', 1, '2021-07-19 09:32:36'::timestamp);
insert into orders_history (order_id, status, ts) values ('7305473771131609580', 'CREATED', '2021-07-19 09:32:36'::timestamp);
insert into stocks (product, stock, ts) values ('Газонокосилка', 51, '2021-07-19 09:33:00'::timestamp);
insert into orders (order_id, product, qty, ts) values ('27500968865630036', 'Швабра', 9, '2021-07-19 09:43:35'::timestamp);
insert into orders_history (order_id, status, ts) values ('27500968865630036', 'CREATED', '2021-07-19 09:43:35'::timestamp);
insert into stocks (product, stock, ts) values ('Швабра', 32, '2021-07-19 09:44:00'::timestamp);
insert into orders (order_id, product, qty, ts) values ('446678975412059015', 'Люстра', 14, '2021-07-19 09:58:55'::timestamp);
insert into orders_history (order_id, status, ts) values ('446678975412059015', 'CREATED', '2021-07-19 09:58:55'::timestamp);
insert into stocks (product, stock, ts) values ('Люстра', 18, '2021-07-19 09:59:00'::timestamp);
insert into stocks (product, stock, ts) values ('Швабра', 27, '2021-07-19 10:05:00'::timestamp);
insert into orders (order_id, product, qty, ts) values ('5260344214919668325', 'Люстра', 7, '2021-07-19 10:06:37'::timestamp);
insert into orders_history (order_id, status, ts) values ('5260344214919668325', 'CREATED', '2021-07-19 10:06:37'::timestamp);
insert into stocks (product, stock, ts) values ('Люстра', 11, '2021-07-19 10:07:00'::timestamp);
insert into orders (order_id, product, qty, ts) values ('5360969587203253493', 'Швабра', 9, '2021-07-19 10:10:36'::timestamp);
insert into orders_history (order_id, status, ts) values ('5360969587203253493', 'CREATED', '2021-07-19 10:10:36'::timestamp);
insert into stocks (product, stock, ts) values ('Швабра', 18, '2021-07-19 10:11:00'::timestamp);
insert into orders (order_id, product, qty, ts) values ('5212013839222032202', 'Перфоратор', 7, '2021-07-19 10:13:36'::timestamp);
insert into orders_history (order_id, status, ts) values ('5212013839222032202', 'CREATED', '2021-07-19 10:13:36'::timestamp);
insert into stocks (product, stock, ts) values ('Перфоратор', 35, '2021-07-19 10:14:00'::timestamp);
insert into stocks (product, stock, ts) values ('Перфоратор', 22, '2021-07-19 10:15:00'::timestamp);
insert into orders_history (order_id, status, ts) values ('7305473771131609580', 'CANCELLED', '2021-07-19 10:21:53'::timestamp);
insert into stocks (product, stock, ts) values ('Газонокосилка', 52, '2021-07-19 10:22:00'::timestamp);
insert into stocks (product, stock, ts) values ('Люстра', 0, '2021-07-19 10:24:00'::timestamp);
insert into orders (order_id, product, qty, ts) values ('2384879001803687602', 'Перфоратор', 14, '2021-07-19 10:34:34'::timestamp);
insert into orders_history (order_id, status, ts) values ('2384879001803687602', 'CREATED', '2021-07-19 10:34:34'::timestamp);
insert into stocks (product, stock, ts) values ('Перфоратор', 8, '2021-07-19 10:35:00'::timestamp);
insert into orders_history (order_id, status, ts) values ('8571290578929308140', 'COMPLETED', '2021-07-19 10:41:00'::timestamp);
insert into orders (order_id, product, qty, ts) values ('12696942493800475', 'Швабра', 7, '2021-07-19 10:48:45'::timestamp);
insert into orders_history (order_id, status, ts) values ('12696942493800475', 'CREATED', '2021-07-19 10:48:45'::timestamp);
insert into stocks (product, stock, ts) values ('Швабра', 11, '2021-07-19 10:49:00'::timestamp);
insert into stocks (product, stock, ts) values ('Люстра', 42, '2021-07-19 11:02:00'::timestamp);
insert into orders (order_id, product, qty, ts) values ('1909207130580862128', 'Камин', 3, '2021-07-19 11:15:54'::timestamp);
insert into orders_history (order_id, status, ts) values ('1909207130580862128', 'CREATED', '2021-07-19 11:15:54'::timestamp);
insert into stocks (product, stock, ts) values ('Камин', 104, '2021-07-19 11:16:00'::timestamp);
insert into stocks (product, stock, ts) values ('Лампочка', 13, '2021-07-19 11:28:00'::timestamp);
insert into orders (order_id, product, qty, ts) values ('3793718149899908085', 'Камин', 8, '2021-07-19 11:33:38'::timestamp);
insert into orders_history (order_id, status, ts) values ('3793718149899908085', 'CREATED', '2021-07-19 11:33:38'::timestamp);
insert into stocks (product, stock, ts) values ('Камин', 96, '2021-07-19 11:34:00'::timestamp);
insert into orders_history (order_id, status, ts) values ('446678975412059015', 'COMPLETED', '2021-07-19 11:42:00'::timestamp);
insert into stocks (product, stock, ts) values ('Камин', 89, '2021-07-19 11:44:00'::timestamp);
insert into orders_history (order_id, status, ts) values ('5260344214919668325', 'COMPLETED', '2021-07-19 11:54:00'::timestamp);
insert into orders_history (order_id, status, ts) values ('7922401776787477735', 'COMPLETED', '2021-07-19 12:03:00'::timestamp);
insert into orders (order_id, product, qty, ts) values ('1483698985581334447', 'Шпатель', 15, '2021-07-19 12:12:37'::timestamp);
insert into orders_history (order_id, status, ts) values ('1483698985581334447', 'CREATED', '2021-07-19 12:12:37'::timestamp);
insert into stocks (product, stock, ts) values ('Шпатель', 47, '2021-07-19 12:13:00'::timestamp);
insert into orders (order_id, product, qty, ts) values ('2968467716847293943', 'Шпатель', 8, '2021-07-19 12:16:53'::timestamp);
insert into orders_history (order_id, status, ts) values ('2968467716847293943', 'CREATED', '2021-07-19 12:16:53'::timestamp);
insert into stocks (product, stock, ts) values ('Шпатель', 39, '2021-07-19 12:17:00'::timestamp);
insert into stocks (product, stock, ts) values ('Перфоратор', 0, '2021-07-19 12:32:00'::timestamp);
insert into orders (order_id, product, qty, ts) values ('5126486836008988561', 'Отвертка', 1, '2021-07-19 12:39:31'::timestamp);
insert into orders_history (order_id, status, ts) values ('5126486836008988561', 'CREATED', '2021-07-19 12:39:31'::timestamp);
insert into stocks (product, stock, ts) values ('Отвертка', 68, '2021-07-19 12:40:00'::timestamp);
insert into orders_history (order_id, status, ts) values ('5360969587203253493', 'COMPLETED', '2021-07-19 12:51:00'::timestamp);
insert into orders_history (order_id, status, ts) values ('12696942493800475', 'COMPLETED', '2021-07-19 12:53:00'::timestamp);
insert into stocks (product, stock, ts) values ('Люстра', 29, '2021-07-19 12:57:00'::timestamp);
insert into stocks (product, stock, ts) values ('Лампочка', 0, '2021-07-19 13:03:00'::timestamp);
insert into orders (order_id, product, qty, ts) values ('7507864347199167903', 'Отвертка', 1, '2021-07-19 13:16:45'::timestamp);
insert into orders_history (order_id, status, ts) values ('7507864347199167903', 'CREATED', '2021-07-19 13:16:45'::timestamp);
insert into stocks (product, stock, ts) values ('Отвертка', 67, '2021-07-19 13:17:00'::timestamp);
insert into stocks (product, stock, ts) values ('Люстра', 24, '2021-07-19 13:32:00'::timestamp);
insert into stocks (product, stock, ts) values ('Газонокосилка', 47, '2021-07-19 13:46:00'::timestamp);
insert into stocks (product, stock, ts) values ('Перфоратор', 53, '2021-07-19 14:01:00'::timestamp);
insert into stocks (product, stock, ts) values ('Отвертка', 59, '2021-07-19 14:09:00'::timestamp);
insert into stocks (product, stock, ts) values ('Шпатель', 108, '2021-07-19 14:11:00'::timestamp);
insert into stocks (product, stock, ts) values ('Лампочка', 41, '2021-07-19 14:33:00'::timestamp);
insert into stocks (product, stock, ts) values ('Люстра', 11, '2021-07-19 14:44:00'::timestamp);
insert into orders_history (order_id, status, ts) values ('27500968865630036', 'COMPLETED', '2021-07-19 14:58:00'::timestamp);
insert into orders_history (order_id, status, ts) values ('2968467716847293943', 'COMPLETED', '2021-07-19 15:10:00'::timestamp);
insert into orders_history (order_id, status, ts) values ('1909207130580862128', 'COMPLETED', '2021-07-19 15:11:00'::timestamp);
insert into orders_history (order_id, status, ts) values ('3793718149899908085', 'COMPLETED', '2021-07-19 15:17:00'::timestamp);
insert into stocks (product, stock, ts) values ('Перфоратор', 122, '2021-07-19 15:18:00'::timestamp);
insert into stocks (product, stock, ts) values ('Перфоратор', 108, '2021-07-19 15:33:00'::timestamp);
insert into stocks (product, stock, ts) values ('Перфоратор', 95, '2021-07-19 15:35:00'::timestamp);
insert into orders (order_id, product, qty, ts) values ('6989419113213249145', 'Перфоратор', 10, '2021-07-19 15:35:57'::timestamp);
insert into orders_history (order_id, status, ts) values ('6989419113213249145', 'CREATED', '2021-07-19 15:35:57'::timestamp);
insert into stocks (product, stock, ts) values ('Перфоратор', 85, '2021-07-19 15:36:00'::timestamp);
insert into stocks (product, stock, ts) values ('Газонокосилка', 83, '2021-07-19 15:42:00'::timestamp);
insert into stocks (product, stock, ts) values ('Перфоратор', 78, '2021-07-19 15:55:00'::timestamp);
insert into stocks (product, stock, ts) values ('Перфоратор', 69, '2021-07-19 16:06:00'::timestamp);
insert into orders_history (order_id, status, ts) values ('5212013839222032202', 'COMPLETED', '2021-07-19 16:18:00'::timestamp);
insert into orders (order_id, product, qty, ts) values ('3483872871263829171', 'Шпатель', 15, '2021-07-19 16:23:55'::timestamp);
insert into orders_history (order_id, status, ts) values ('3483872871263829171', 'CREATED', '2021-07-19 16:23:55'::timestamp);
insert into stocks (product, stock, ts) values ('Шпатель', 93, '2021-07-19 16:24:00'::timestamp);
insert into stocks (product, stock, ts) values ('Люстра', 2, '2021-07-19 16:34:00'::timestamp);
insert into orders (order_id, product, qty, ts) values ('8108842067105000587', 'Швабра', 7, '2021-07-19 16:36:47'::timestamp);
insert into orders_history (order_id, status, ts) values ('8108842067105000587', 'CREATED', '2021-07-19 16:36:47'::timestamp);
insert into stocks (product, stock, ts) values ('Швабра', 4, '2021-07-19 16:37:00'::timestamp);
insert into stocks (product, stock, ts) values ('Газонокосилка', 68, '2021-07-19 16:48:00'::timestamp);
insert into orders_history (order_id, status, ts) values ('2384879001803687602', 'CANCELLED', '2021-07-19 16:57:33'::timestamp);
insert into stocks (product, stock, ts) values ('Перфоратор', 83, '2021-07-19 16:58:00'::timestamp);
insert into stocks (product, stock, ts) values ('Отвертка', 49, '2021-07-19 17:13:00'::timestamp);
insert into orders_history (order_id, status, ts) values ('5126486836008988561', 'CANCELLED', '2021-07-19 17:17:38'::timestamp);
insert into stocks (product, stock, ts) values ('Отвертка', 50, '2021-07-19 17:18:00'::timestamp);
insert into stocks (product, stock, ts) values ('Отвертка', 38, '2021-07-19 17:26:00'::timestamp);
insert into stocks (product, stock, ts) values ('Перфоратор', 65, '2021-07-19 17:31:00'::timestamp);
insert into stocks (product, stock, ts) values ('Люстра', 0, '2021-07-19 17:42:00'::timestamp);
insert into stocks (product, stock, ts) values ('Люстра', 70, '2021-07-19 17:51:00'::timestamp);
insert into orders (order_id, product, qty, ts) values ('6639947224767394411', 'Лампочка', 11, '2021-07-19 17:52:38'::timestamp);
insert into orders_history (order_id, status, ts) values ('6639947224767394411', 'CREATED', '2021-07-19 17:52:38'::timestamp);
insert into stocks (product, stock, ts) values ('Лампочка', 30, '2021-07-19 17:53:00'::timestamp);
insert into stocks (product, stock, ts) values ('Отвертка', 52, '2021-07-19 17:55:00'::timestamp);
insert into orders_history (order_id, status, ts) values ('1483698985581334447', 'COMPLETED', '2021-07-19 18:01:00'::timestamp);
insert into stocks (product, stock, ts) values ('Камин', 85, '2021-07-19 18:04:00'::timestamp);
insert into orders (order_id, product, qty, ts) values ('235947650433278563', 'Лампочка', 8, '2021-07-19 18:07:59'::timestamp);
insert into orders_history (order_id, status, ts) values ('235947650433278563', 'CREATED', '2021-07-19 18:07:59'::timestamp);
insert into stocks (product, stock, ts) values ('Лампочка', 22, '2021-07-19 18:08:00'::timestamp);
insert into orders (order_id, product, qty, ts) values ('7386796515608762900', 'Шпатель', 2, '2021-07-19 18:20:30'::timestamp);
insert into orders_history (order_id, status, ts) values ('7386796515608762900', 'CREATED', '2021-07-19 18:20:30'::timestamp);
insert into stocks (product, stock, ts) values ('Шпатель', 91, '2021-07-19 18:21:00'::timestamp);
insert into stocks (product, stock, ts) values ('Перфоратор', 54, '2021-07-19 18:26:00'::timestamp);
insert into stocks (product, stock, ts) values ('Швабра', 0, '2021-07-19 18:40:00'::timestamp);
insert into stocks (product, stock, ts) values ('Газонокосилка', 58, '2021-07-19 18:47:00'::timestamp);
insert into stocks (product, stock, ts) values ('Газонокосилка', 53, '2021-07-19 18:48:00'::timestamp);
insert into orders_history (order_id, status, ts) values ('7507864347199167903', 'COMPLETED', '2021-07-19 18:50:00'::timestamp);
insert into orders (order_id, product, qty, ts) values ('7612110514168743970', 'Газонокосилка', 8, '2021-07-19 19:04:30'::timestamp);
insert into orders_history (order_id, status, ts) values ('7612110514168743970', 'CREATED', '2021-07-19 19:04:30'::timestamp);
insert into stocks (product, stock, ts) values ('Газонокосилка', 45, '2021-07-19 19:05:00'::timestamp);
insert into orders_history (order_id, status, ts) values ('6989419113213249145', 'COMPLETED', '2021-07-19 19:12:00'::timestamp);
insert into stocks (product, stock, ts) values ('Швабра', 65, '2021-07-19 19:24:00'::timestamp);
insert into orders (order_id, product, qty, ts) values ('2612813722661896166', 'Швабра', 10, '2021-07-19 19:24:55'::timestamp);
insert into orders_history (order_id, status, ts) values ('2612813722661896166', 'CREATED', '2021-07-19 19:24:55'::timestamp);
insert into stocks (product, stock, ts) values ('Швабра', 55, '2021-07-19 19:25:00'::timestamp);
insert into orders_history (order_id, status, ts) values ('8108842067105000587', 'COMPLETED', '2021-07-19 19:39:00'::timestamp);
insert into stocks (product, stock, ts) values ('Перфоратор', 67, '2021-07-19 19:50:00'::timestamp);
insert into orders (order_id, product, qty, ts) values ('6525648695752168616', 'Газонокосилка', 15, '2021-07-19 19:53:56'::timestamp);
insert into orders_history (order_id, status, ts) values ('6525648695752168616', 'CREATED', '2021-07-19 19:53:56'::timestamp);
insert into stocks (product, stock, ts) values ('Газонокосилка', 30, '2021-07-19 19:54:00'::timestamp);
insert into orders (order_id, product, qty, ts) values ('7916323621667669070', 'Газонокосилка', 1, '2021-07-19 20:03:41'::timestamp);
insert into orders_history (order_id, status, ts) values ('7916323621667669070', 'CREATED', '2021-07-19 20:03:41'::timestamp);
insert into stocks (product, stock, ts) values ('Газонокосилка', 29, '2021-07-19 20:04:00'::timestamp);
insert into stocks (product, stock, ts) values ('Газонокосилка', 24, '2021-07-19 20:18:00'::timestamp);
insert into orders (order_id, product, qty, ts) values ('3114503047507004392', 'Отвертка', 3, '2021-07-19 20:21:39'::timestamp);
insert into orders_history (order_id, status, ts) values ('3114503047507004392', 'CREATED', '2021-07-19 20:21:39'::timestamp);
insert into stocks (product, stock, ts) values ('Отвертка', 49, '2021-07-19 20:22:00'::timestamp);
insert into orders (order_id, product, qty, ts) values ('4714896116432463464', 'Люстра', 13, '2021-07-19 20:25:51'::timestamp);
insert into orders_history (order_id, status, ts) values ('4714896116432463464', 'CREATED', '2021-07-19 20:25:51'::timestamp);
insert into stocks (product, stock, ts) values ('Люстра', 57, '2021-07-19 20:26:00'::timestamp);
insert into orders (order_id, product, qty, ts) values ('4866844071417504495', 'Люстра', 2, '2021-07-19 20:30:32'::timestamp);
insert into orders_history (order_id, status, ts) values ('4866844071417504495', 'CREATED', '2021-07-19 20:30:32'::timestamp);
insert into stocks (product, stock, ts) values ('Люстра', 55, '2021-07-19 20:31:00'::timestamp);
insert into orders_history (order_id, status, ts) values ('7612110514168743970', 'COMPLETED', '2021-07-19 20:44:00'::timestamp);
insert into stocks (product, stock, ts) values ('Отвертка', 48, '2021-07-19 20:55:00'::timestamp);
insert into stocks (product, stock, ts) values ('Люстра', 44, '2021-07-19 21:10:00'::timestamp);
insert into stocks (product, stock, ts) values ('Швабра', 89, '2021-07-19 21:13:00'::timestamp);
insert into orders_history (order_id, status, ts) values ('7916323621667669070', 'COMPLETED', '2021-07-19 21:15:00'::timestamp);
insert into orders (order_id, product, qty, ts) values ('5179247812198257625', 'Газонокосилка', 1, '2021-07-19 21:18:32'::timestamp);
insert into orders_history (order_id, status, ts) values ('5179247812198257625', 'CREATED', '2021-07-19 21:18:32'::timestamp);
insert into stocks (product, stock, ts) values ('Газонокосилка', 23, '2021-07-19 21:19:00'::timestamp);
insert into stocks (product, stock, ts) values ('Газонокосилка', 11, '2021-07-19 21:24:00'::timestamp);
insert into stocks (product, stock, ts) values ('Газонокосилка', 6, '2021-07-19 21:26:00'::timestamp);
insert into orders_history (order_id, status, ts) values ('3483872871263829171', 'COMPLETED', '2021-07-19 21:37:00'::timestamp);
insert into orders_history (order_id, status, ts) values ('6639947224767394411', 'COMPLETED', '2021-07-19 21:52:00'::timestamp);
insert into stocks (product, stock, ts) values ('Шпатель', 86, '2021-07-19 22:02:00'::timestamp);
insert into orders_history (order_id, status, ts) values ('6525648695752168616', 'COMPLETED', '2021-07-19 22:16:00'::timestamp);
insert into stocks (product, stock, ts) values ('Газонокосилка', 105, '2021-07-19 22:24:00'::timestamp);
insert into stocks (product, stock, ts) values ('Шпатель', 72, '2021-07-19 22:30:00'::timestamp);
insert into orders (order_id, product, qty, ts) values ('5280618576375946208', 'Отвертка', 3, '2021-07-19 22:30:46'::timestamp);
insert into orders_history (order_id, status, ts) values ('5280618576375946208', 'CREATED', '2021-07-19 22:30:46'::timestamp);
insert into stocks (product, stock, ts) values ('Отвертка', 45, '2021-07-19 22:31:00'::timestamp);
insert into stocks (product, stock, ts) values ('Перфоратор', 126, '2021-07-19 22:33:00'::timestamp);
insert into orders (order_id, product, qty, ts) values ('5481488596380387885', 'Отвертка', 13, '2021-07-19 22:34:41'::timestamp);
insert into orders_history (order_id, status, ts) values ('5481488596380387885', 'CREATED', '2021-07-19 22:34:41'::timestamp);
insert into stocks (product, stock, ts) values ('Отвертка', 32, '2021-07-19 22:35:00'::timestamp);
insert into stocks (product, stock, ts) values ('Перфоратор', 192, '2021-07-19 22:39:00'::timestamp);
insert into stocks (product, stock, ts) values ('Газонокосилка', 97, '2021-07-19 22:43:00'::timestamp);
insert into stocks (product, stock, ts) values ('Камин', 79, '2021-07-19 22:58:00'::timestamp);
insert into stocks (product, stock, ts) values ('Камин', 75, '2021-07-19 23:09:00'::timestamp);
insert into orders_history (order_id, status, ts) values ('2612813722661896166', 'COMPLETED', '2021-07-20 09:09:00'::timestamp);
insert into orders_history (order_id, status, ts) values ('3114503047507004392', 'COMPLETED', '2021-07-20 09:21:00'::timestamp);
insert into orders_history (order_id, status, ts) values ('235947650433278563', 'COMPLETED', '2021-07-20 09:33:00'::timestamp);
insert into orders (order_id, product, qty, ts) values ('8660352097700681083', 'Камин', 13, '2021-07-20 09:37:33'::timestamp);
insert into orders_history (order_id, status, ts) values ('8660352097700681083', 'CREATED', '2021-07-20 09:37:33'::timestamp);
insert into stocks (product, stock, ts) values ('Камин', 62, '2021-07-20 09:38:00'::timestamp);
insert into orders_history (order_id, status, ts) values ('4714896116432463464', 'COMPLETED', '2021-07-20 09:46:00'::timestamp);
insert into orders_history (order_id, status, ts) values ('7386796515608762900', 'COMPLETED', '2021-07-20 09:56:00'::timestamp);
insert into orders_history (order_id, status, ts) values ('5179247812198257625', 'COMPLETED', '2021-07-20 10:11:00'::timestamp);
insert into orders (order_id, product, qty, ts) values ('3747753269149176264', 'Лампочка', 6, '2021-07-20 10:11:59'::timestamp);
insert into orders_history (order_id, status, ts) values ('3747753269149176264', 'CREATED', '2021-07-20 10:11:59'::timestamp);
insert into stocks (product, stock, ts) values ('Лампочка', 16, '2021-07-20 10:12:00'::timestamp);
insert into orders (order_id, product, qty, ts) values ('113078325792270187', 'Отвертка', 8, '2021-07-20 10:21:36'::timestamp);
insert into orders_history (order_id, status, ts) values ('113078325792270187', 'CREATED', '2021-07-20 10:21:36'::timestamp);
insert into stocks (product, stock, ts) values ('Отвертка', 24, '2021-07-20 10:22:00'::timestamp);
insert into orders (order_id, product, qty, ts) values ('4088340127966555612', 'Отвертка', 8, '2021-07-20 10:27:34'::timestamp);
insert into orders_history (order_id, status, ts) values ('4088340127966555612', 'CREATED', '2021-07-20 10:27:34'::timestamp);
insert into stocks (product, stock, ts) values ('Отвертка', 16, '2021-07-20 10:28:00'::timestamp);
insert into orders_history (order_id, status, ts) values ('5481488596380387885', 'COMPLETED', '2021-07-20 10:42:00'::timestamp);
insert into orders (order_id, product, qty, ts) values ('2298017099913268920', 'Швабра', 6, '2021-07-20 10:47:53'::timestamp);
insert into orders_history (order_id, status, ts) values ('2298017099913268920', 'CREATED', '2021-07-20 10:47:53'::timestamp);
insert into stocks (product, stock, ts) values ('Швабра', 83, '2021-07-20 10:48:00'::timestamp);
insert into orders (order_id, product, qty, ts) values ('5433257212404527397', 'Камин', 15, '2021-07-20 10:52:51'::timestamp);
insert into orders_history (order_id, status, ts) values ('5433257212404527397', 'CREATED', '2021-07-20 10:52:51'::timestamp);
insert into stocks (product, stock, ts) values ('Камин', 47, '2021-07-20 10:53:00'::timestamp);
insert into stocks (product, stock, ts) values ('Камин', 42, '2021-07-20 11:03:00'::timestamp);
insert into stocks (product, stock, ts) values ('Перфоратор', 191, '2021-07-20 11:15:00'::timestamp);
insert into stocks (product, stock, ts) values ('Шпатель', 65, '2021-07-20 11:30:00'::timestamp);
insert into stocks (product, stock, ts) values ('Отвертка', 73, '2021-07-20 11:41:00'::timestamp);
insert into orders (order_id, product, qty, ts) values ('3812036646701623397', 'Люстра', 6, '2021-07-20 11:52:56'::timestamp);
insert into orders_history (order_id, status, ts) values ('3812036646701623397', 'CREATED', '2021-07-20 11:52:56'::timestamp);
insert into stocks (product, stock, ts) values ('Люстра', 38, '2021-07-20 11:53:00'::timestamp);
insert into orders_history (order_id, status, ts) values ('4866844071417504495', 'COMPLETED', '2021-07-20 11:54:00'::timestamp);
insert into orders (order_id, product, qty, ts) values ('1565550738441059222', 'Камин', 5, '2021-07-20 11:57:44'::timestamp);
insert into orders_history (order_id, status, ts) values ('1565550738441059222', 'CREATED', '2021-07-20 11:57:44'::timestamp);
insert into stocks (product, stock, ts) values ('Камин', 37, '2021-07-20 11:58:00'::timestamp);
insert into orders_history (order_id, status, ts) values ('3812036646701623397', 'CANCELLED', '2021-07-20 12:08:46'::timestamp);
insert into stocks (product, stock, ts) values ('Люстра', 44, '2021-07-20 12:09:00'::timestamp);
insert into orders (order_id, product, qty, ts) values ('2059237762273630510', 'Швабра', 1, '2021-07-20 12:23:30'::timestamp);
insert into orders_history (order_id, status, ts) values ('2059237762273630510', 'CREATED', '2021-07-20 12:23:30'::timestamp);
insert into stocks (product, stock, ts) values ('Швабра', 82, '2021-07-20 12:24:00'::timestamp);
insert into stocks (product, stock, ts) values ('Шпатель', 61, '2021-07-20 12:33:00'::timestamp);
insert into orders (order_id, product, qty, ts) values ('6353812489869271687', 'Газонокосилка', 1, '2021-07-20 12:45:44'::timestamp);
insert into orders_history (order_id, status, ts) values ('6353812489869271687', 'CREATED', '2021-07-20 12:45:44'::timestamp);
insert into stocks (product, stock, ts) values ('Газонокосилка', 96, '2021-07-20 12:46:00'::timestamp);
insert into stocks (product, stock, ts) values ('Камин', 33, '2021-07-20 13:00:00'::timestamp);
insert into orders_history (order_id, status, ts) values ('1565550738441059222', 'COMPLETED', '2021-07-20 13:09:00'::timestamp);
insert into orders (order_id, product, qty, ts) values ('2062607232507712043', 'Отвертка', 9, '2021-07-20 13:10:54'::timestamp);
insert into orders_history (order_id, status, ts) values ('2062607232507712043', 'CREATED', '2021-07-20 13:10:54'::timestamp);
insert into stocks (product, stock, ts) values ('Отвертка', 64, '2021-07-20 13:11:00'::timestamp);
insert into orders_history (order_id, status, ts) values ('113078325792270187', 'COMPLETED', '2021-07-20 13:15:00'::timestamp);
insert into orders (order_id, product, qty, ts) values ('4330321695199279716', 'Лампочка', 1, '2021-07-20 13:24:52'::timestamp);
insert into orders_history (order_id, status, ts) values ('4330321695199279716', 'CREATED', '2021-07-20 13:24:52'::timestamp);
insert into stocks (product, stock, ts) values ('Лампочка', 15, '2021-07-20 13:25:00'::timestamp);
insert into orders_history (order_id, status, ts) values ('3747753269149176264', 'CANCELLED', '2021-07-20 13:35:46'::timestamp);
insert into stocks (product, stock, ts) values ('Лампочка', 21, '2021-07-20 13:36:00'::timestamp);
insert into stocks (product, stock, ts) values ('Камин', 21, '2021-07-20 13:49:00'::timestamp);
insert into stocks (product, stock, ts) values ('Люстра', 25, '2021-07-20 13:54:00'::timestamp);
insert into orders_history (order_id, status, ts) values ('2298017099913268920', 'CANCELLED', '2021-07-20 13:55:59'::timestamp);
insert into stocks (product, stock, ts) values ('Швабра', 88, '2021-07-20 13:56:00'::timestamp);
insert into stocks (product, stock, ts) values ('Лампочка', 56, '2021-07-20 14:06:00'::timestamp);
insert into orders (order_id, product, qty, ts) values ('1284318661661470122', 'Люстра', 8, '2021-07-20 14:09:48'::timestamp);
insert into orders_history (order_id, status, ts) values ('1284318661661470122', 'CREATED', '2021-07-20 14:09:48'::timestamp);
insert into stocks (product, stock, ts) values ('Люстра', 17, '2021-07-20 14:10:00'::timestamp);
insert into orders (order_id, product, qty, ts) values ('1329680159423238497', 'Лампочка', 2, '2021-07-20 14:16:45'::timestamp);
insert into orders_history (order_id, status, ts) values ('1329680159423238497', 'CREATED', '2021-07-20 14:16:45'::timestamp);
insert into stocks (product, stock, ts) values ('Лампочка', 54, '2021-07-20 14:17:00'::timestamp);
insert into orders (order_id, product, qty, ts) values ('7492173629472001973', 'Швабра', 7, '2021-07-20 14:30:58'::timestamp);
insert into orders_history (order_id, status, ts) values ('7492173629472001973', 'CREATED', '2021-07-20 14:30:58'::timestamp);
insert into stocks (product, stock, ts) values ('Швабра', 75, '2021-07-20 14:31:00'::timestamp);
insert into orders (order_id, product, qty, ts) values ('6745488232816437850', 'Люстра', 13, '2021-07-20 14:41:56'::timestamp);
insert into orders_history (order_id, status, ts) values ('6745488232816437850', 'CREATED', '2021-07-20 14:41:56'::timestamp);
insert into stocks (product, stock, ts) values ('Люстра', 4, '2021-07-20 14:42:00'::timestamp);
insert into orders (order_id, product, qty, ts) values ('3784492380953607449', 'Шпатель', 5, '2021-07-20 14:51:30'::timestamp);
insert into orders_history (order_id, status, ts) values ('3784492380953607449', 'CREATED', '2021-07-20 14:51:30'::timestamp);
insert into stocks (product, stock, ts) values ('Шпатель', 56, '2021-07-20 14:52:00'::timestamp);
insert into orders (order_id, product, qty, ts) values ('4255373352435806395', 'Люстра', 4, '2021-07-20 15:05:57'::timestamp);
insert into orders_history (order_id, status, ts) values ('4255373352435806395', 'CREATED', '2021-07-20 15:05:57'::timestamp);
insert into stocks (product, stock, ts) values ('Люстра', 0, '2021-07-20 15:06:00'::timestamp);
insert into orders_history (order_id, status, ts) values ('5280618576375946208', 'CANCELLED', '2021-07-20 15:17:42'::timestamp);
insert into stocks (product, stock, ts) values ('Отвертка', 67, '2021-07-20 15:18:00'::timestamp);
insert into orders (order_id, product, qty, ts) values ('2724897088975152161', 'Газонокосилка', 14, '2021-07-20 15:19:50'::timestamp);
insert into orders_history (order_id, status, ts) values ('2724897088975152161', 'CREATED', '2021-07-20 15:19:50'::timestamp);
insert into stocks (product, stock, ts) values ('Газонокосилка', 82, '2021-07-20 15:20:00'::timestamp);
insert into stocks (product, stock, ts) values ('Перфоратор', 184, '2021-07-20 15:32:00'::timestamp);
insert into stocks (product, stock, ts) values ('Отвертка', 49, '2021-07-20 15:40:00'::timestamp);
insert into orders (order_id, product, qty, ts) values ('4461290132865278442', 'Перфоратор', 5, '2021-07-20 15:52:38'::timestamp);
insert into orders_history (order_id, status, ts) values ('4461290132865278442', 'CREATED', '2021-07-20 15:52:38'::timestamp);
insert into stocks (product, stock, ts) values ('Перфоратор', 179, '2021-07-20 15:53:00'::timestamp);
insert into orders_history (order_id, status, ts) values ('6745488232816437850', 'COMPLETED', '2021-07-20 16:07:00'::timestamp);
insert into stocks (product, stock, ts) values ('Люстра', 60, '2021-07-20 16:23:00'::timestamp);
insert into orders_history (order_id, status, ts) values ('4330321695199279716', 'CANCELLED', '2021-07-20 16:35:53'::timestamp);
insert into stocks (product, stock, ts) values ('Лампочка', 55, '2021-07-20 16:36:00'::timestamp);
insert into orders_history (order_id, status, ts) values ('6353812489869271687', 'CANCELLED', '2021-07-20 16:44:43'::timestamp);
insert into stocks (product, stock, ts) values ('Газонокосилка', 83, '2021-07-20 16:45:00'::timestamp);
insert into orders_history (order_id, status, ts) values ('2724897088975152161', 'COMPLETED', '2021-07-20 16:50:00'::timestamp);
insert into orders_history (order_id, status, ts) values ('2059237762273630510', 'COMPLETED', '2021-07-20 17:03:00'::timestamp);
insert into orders (order_id, product, qty, ts) values ('4090072016644229140', 'Перфоратор', 10, '2021-07-20 17:08:40'::timestamp);
insert into orders_history (order_id, status, ts) values ('4090072016644229140', 'CREATED', '2021-07-20 17:08:40'::timestamp);
insert into stocks (product, stock, ts) values ('Перфоратор', 169, '2021-07-20 17:09:00'::timestamp);
insert into orders_history (order_id, status, ts) values ('5433257212404527397', 'COMPLETED', '2021-07-20 17:24:00'::timestamp);
insert into stocks (product, stock, ts) values ('Перфоратор', 166, '2021-07-20 17:37:00'::timestamp);
insert into orders_history (order_id, status, ts) values ('4461290132865278442', 'CANCELLED', '2021-07-20 17:39:53'::timestamp);
insert into stocks (product, stock, ts) values ('Перфоратор', 171, '2021-07-20 17:40:00'::timestamp);
insert into orders_history (order_id, status, ts) values ('4088340127966555612', 'COMPLETED', '2021-07-20 17:54:00'::timestamp);
insert into orders (order_id, product, qty, ts) values ('1155867200804744265', 'Швабра', 8, '2021-07-20 18:06:48'::timestamp);
insert into orders_history (order_id, status, ts) values ('1155867200804744265', 'CREATED', '2021-07-20 18:06:48'::timestamp);
insert into stocks (product, stock, ts) values ('Швабра', 67, '2021-07-20 18:07:00'::timestamp);
insert into stocks (product, stock, ts) values ('Шпатель', 51, '2021-07-20 18:10:00'::timestamp);
insert into orders_history (order_id, status, ts) values ('8660352097700681083', 'COMPLETED', '2021-07-20 18:18:00'::timestamp);
insert into orders_history (order_id, status, ts) values ('7492173629472001973', 'COMPLETED', '2021-07-20 18:32:00'::timestamp);
insert into orders_history (order_id, status, ts) values ('2062607232507712043', 'COMPLETED', '2021-07-20 18:45:00'::timestamp);
insert into stocks (product, stock, ts) values ('Шпатель', 47, '2021-07-20 18:52:00'::timestamp);
insert into stocks (product, stock, ts) values ('Отвертка', 36, '2021-07-20 18:56:00'::timestamp);
insert into orders_history (order_id, status, ts) values ('4090072016644229140', 'CANCELLED', '2021-07-20 19:08:31'::timestamp);
insert into stocks (product, stock, ts) values ('Перфоратор', 176, '2021-07-20 19:09:00'::timestamp);
insert into orders_history (order_id, status, ts) values ('3784492380953607449', 'COMPLETED', '2021-07-20 19:24:00'::timestamp);
insert into orders (order_id, product, qty, ts) values ('7394792180817556381', 'Швабра', 10, '2021-07-20 19:27:30'::timestamp);
insert into orders_history (order_id, status, ts) values ('7394792180817556381', 'CREATED', '2021-07-20 19:27:30'::timestamp);
insert into stocks (product, stock, ts) values ('Швабра', 57, '2021-07-20 19:28:00'::timestamp);
insert into orders (order_id, product, qty, ts) values ('4723715536348953181', 'Газонокосилка', 7, '2021-07-20 19:33:57'::timestamp);
insert into orders_history (order_id, status, ts) values ('4723715536348953181', 'CREATED', '2021-07-20 19:33:57'::timestamp);
insert into stocks (product, stock, ts) values ('Газонокосилка', 75, '2021-07-20 19:34:00'::timestamp);
insert into stocks (product, stock, ts) values ('Камин', 15, '2021-07-20 19:38:00'::timestamp);
insert into stocks (product, stock, ts) values ('Шпатель', 72, '2021-07-20 19:53:00'::timestamp);
insert into stocks (product, stock, ts) values ('Камин', 58, '2021-07-20 19:56:00'::timestamp);
insert into orders (order_id, product, qty, ts) values ('1350748314815924392', 'Люстра', 13, '2021-07-20 20:08:35'::timestamp);
insert into orders_history (order_id, status, ts) values ('1350748314815924392', 'CREATED', '2021-07-20 20:08:35'::timestamp);
insert into stocks (product, stock, ts) values ('Люстра', 47, '2021-07-20 20:09:00'::timestamp);
insert into orders_history (order_id, status, ts) values ('1350748314815924392', 'CANCELLED', '2021-07-20 20:14:46'::timestamp);
insert into stocks (product, stock, ts) values ('Люстра', 60, '2021-07-20 20:15:00'::timestamp);
insert into stocks (product, stock, ts) values ('Люстра', 42, '2021-07-20 20:21:00'::timestamp);
insert into stocks (product, stock, ts) values ('Камин', 104, '2021-07-20 20:24:00'::timestamp);
insert into orders (order_id, product, qty, ts) values ('3092326736559181593', 'Шпатель', 5, '2021-07-20 20:28:37'::timestamp);
insert into orders_history (order_id, status, ts) values ('3092326736559181593', 'CREATED', '2021-07-20 20:28:37'::timestamp);
insert into stocks (product, stock, ts) values ('Шпатель', 67, '2021-07-20 20:29:00'::timestamp);
insert into stocks (product, stock, ts) values ('Отвертка', 42, '2021-07-20 20:36:00'::timestamp);
insert into orders_history (order_id, status, ts) values ('7394792180817556381', 'CANCELLED', '2021-07-20 20:49:52'::timestamp);
insert into stocks (product, stock, ts) values ('Швабра', 67, '2021-07-20 20:50:00'::timestamp);
insert into orders_history (order_id, status, ts) values ('1329680159423238497', 'COMPLETED', '2021-07-20 20:58:00'::timestamp);
insert into orders (order_id, product, qty, ts) values ('2219637026027181923', 'Швабра', 11, '2021-07-20 21:06:35'::timestamp);
insert into orders_history (order_id, status, ts) values ('2219637026027181923', 'CREATED', '2021-07-20 21:06:35'::timestamp);
insert into stocks (product, stock, ts) values ('Швабра', 46, '2021-07-20 21:07:00'::timestamp);
insert into orders (order_id, product, qty, ts) values ('8404746059200212409', 'Газонокосилка', 9, '2021-07-20 21:15:55'::timestamp);
insert into orders_history (order_id, status, ts) values ('8404746059200212409', 'CREATED', '2021-07-20 21:15:55'::timestamp);
insert into stocks (product, stock, ts) values ('Газонокосилка', 66, '2021-07-20 21:16:00'::timestamp);
insert into orders (order_id, product, qty, ts) values ('7775421783691806716', 'Лампочка', 4, '2021-07-20 21:16:52'::timestamp);
insert into orders_history (order_id, status, ts) values ('7775421783691806716', 'CREATED', '2021-07-20 21:16:52'::timestamp);
insert into stocks (product, stock, ts) values ('Лампочка', 50, '2021-07-20 21:17:00'::timestamp);
insert into stocks (product, stock, ts) values ('Камин', 98, '2021-07-20 21:22:00'::timestamp);
insert into orders_history (order_id, status, ts) values ('4255373352435806395', 'COMPLETED', '2021-07-20 21:37:00'::timestamp);
insert into orders (order_id, product, qty, ts) values ('7635459904845326757', 'Шпатель', 5, '2021-07-20 21:48:56'::timestamp);
insert into orders_history (order_id, status, ts) values ('7635459904845326757', 'CREATED', '2021-07-20 21:48:56'::timestamp);
insert into stocks (product, stock, ts) values ('Шпатель', 62, '2021-07-20 21:49:00'::timestamp);
insert into orders_history (order_id, status, ts) values ('8404746059200212409', 'CANCELLED', '2021-07-20 21:51:45'::timestamp);
insert into stocks (product, stock, ts) values ('Газонокосилка', 75, '2021-07-20 21:52:00'::timestamp);
insert into orders (order_id, product, qty, ts) values ('5977895452023445678', 'Лампочка', 7, '2021-07-20 21:54:53'::timestamp);
insert into orders_history (order_id, status, ts) values ('5977895452023445678', 'CREATED', '2021-07-20 21:54:53'::timestamp);
insert into stocks (product, stock, ts) values ('Лампочка', 43, '2021-07-20 21:55:00'::timestamp);
insert into stocks (product, stock, ts) values ('Шпатель', 49, '2021-07-20 22:00:00'::timestamp);
insert into stocks (product, stock, ts) values ('Швабра', 82, '2021-07-20 22:11:00'::timestamp);
insert into orders (order_id, product, qty, ts) values ('2929710507575617987', 'Лампочка', 1, '2021-07-20 22:19:48'::timestamp);
insert into orders_history (order_id, status, ts) values ('2929710507575617987', 'CREATED', '2021-07-20 22:19:48'::timestamp);
insert into stocks (product, stock, ts) values ('Лампочка', 42, '2021-07-20 22:20:00'::timestamp);
insert into orders (order_id, product, qty, ts) values ('814259853137921038', 'Шпатель', 13, '2021-07-20 22:21:52'::timestamp);
insert into orders_history (order_id, status, ts) values ('814259853137921038', 'CREATED', '2021-07-20 22:21:52'::timestamp);
insert into stocks (product, stock, ts) values ('Шпатель', 36, '2021-07-20 22:22:00'::timestamp);
insert into orders (order_id, product, qty, ts) values ('8525992397740963085', 'Шпатель', 12, '2021-07-20 22:36:57'::timestamp);
insert into orders_history (order_id, status, ts) values ('8525992397740963085', 'CREATED', '2021-07-20 22:36:57'::timestamp);
insert into stocks (product, stock, ts) values ('Шпатель', 24, '2021-07-20 22:37:00'::timestamp);
insert into orders_history (order_id, status, ts) values ('5977895452023445678', 'CANCELLED', '2021-07-20 22:39:41'::timestamp);
insert into stocks (product, stock, ts) values ('Лампочка', 49, '2021-07-20 22:40:00'::timestamp);
insert into orders_history (order_id, status, ts) values ('2929710507575617987', 'CANCELLED', '2021-07-20 22:44:30'::timestamp);
insert into stocks (product, stock, ts) values ('Лампочка', 43, '2021-07-20 22:45:00'::timestamp);
insert into orders_history (order_id, status, ts) values ('1284318661661470122', 'COMPLETED', '2021-07-20 22:57:00'::timestamp);
insert into orders (order_id, product, qty, ts) values ('6904093492388434360', 'Отвертка', 2, '2021-07-20 23:04:49'::timestamp);
insert into orders_history (order_id, status, ts) values ('6904093492388434360', 'CREATED', '2021-07-20 23:04:49'::timestamp);
insert into stocks (product, stock, ts) values ('Отвертка', 40, '2021-07-20 23:05:00'::timestamp);
insert into orders_history (order_id, status, ts) values ('1155867200804744265', 'COMPLETED', '2021-07-21 09:05:00'::timestamp);
insert into orders (order_id, product, qty, ts) values ('5332452303912334344', 'Отвертка', 14, '2021-07-21 09:07:36'::timestamp);
insert into orders_history (order_id, status, ts) values ('5332452303912334344', 'CREATED', '2021-07-21 09:07:36'::timestamp);
insert into stocks (product, stock, ts) values ('Отвертка', 26, '2021-07-21 09:08:00'::timestamp);
insert into orders_history (order_id, status, ts) values ('2219637026027181923', 'COMPLETED', '2021-07-21 09:22:00'::timestamp);
insert into orders_history (order_id, status, ts) values ('3092326736559181593', 'COMPLETED', '2021-07-21 09:25:00'::timestamp);
insert into orders_history (order_id, status, ts) values ('6904093492388434360', 'COMPLETED', '2021-07-21 09:27:00'::timestamp);
insert into orders_history (order_id, status, ts) values ('7635459904845326757', 'CANCELLED', '2021-07-21 09:34:59'::timestamp);
insert into stocks (product, stock, ts) values ('Шпатель', 29, '2021-07-21 09:35:00'::timestamp);
insert into orders (order_id, product, qty, ts) values ('8024526658428558258', 'Отвертка', 3, '2021-07-21 09:42:37'::timestamp);
insert into orders_history (order_id, status, ts) values ('8024526658428558258', 'CREATED', '2021-07-21 09:42:37'::timestamp);
insert into stocks (product, stock, ts) values ('Отвертка', 23, '2021-07-21 09:43:00'::timestamp);
insert into orders_history (order_id, status, ts) values ('814259853137921038', 'COMPLETED', '2021-07-21 09:52:00'::timestamp);
insert into stocks (product, stock, ts) values ('Газонокосилка', 59, '2021-07-21 10:01:00'::timestamp);
insert into orders_history (order_id, status, ts) values ('8525992397740963085', 'CANCELLED', '2021-07-21 10:07:57'::timestamp);
insert into stocks (product, stock, ts) values ('Шпатель', 36, '2021-07-21 10:08:00'::timestamp);
insert into stocks (product, stock, ts) values ('Швабра', 76, '2021-07-21 10:23:00'::timestamp);
insert into orders_history (order_id, status, ts) values ('7775421783691806716', 'COMPLETED', '2021-07-21 10:36:00'::timestamp);
insert into orders (order_id, product, qty, ts) values ('8982553650986094555', 'Перфоратор', 12, '2021-07-21 10:39:47'::timestamp);
insert into orders_history (order_id, status, ts) values ('8982553650986094555', 'CREATED', '2021-07-21 10:39:47'::timestamp);
insert into stocks (product, stock, ts) values ('Перфоратор', 154, '2021-07-21 10:40:00'::timestamp);
insert into stocks (product, stock, ts) values ('Швабра', 65, '2021-07-21 10:46:00'::timestamp);
insert into stocks (product, stock, ts) values ('Швабра', 141, '2021-07-21 10:47:00'::timestamp);
insert into orders_history (order_id, status, ts) values ('4723715536348953181', 'COMPLETED', '2021-07-21 10:49:00'::timestamp);
insert into orders_history (order_id, status, ts) values ('8024526658428558258', 'CANCELLED', '2021-07-21 10:54:35'::timestamp);
insert into stocks (product, stock, ts) values ('Отвертка', 26, '2021-07-21 10:55:00'::timestamp);
insert into orders (order_id, product, qty, ts) values ('8256290498790672770', 'Шпатель', 1, '2021-07-21 11:02:31'::timestamp);
insert into orders_history (order_id, status, ts) values ('8256290498790672770', 'CREATED', '2021-07-21 11:02:31'::timestamp);
insert into stocks (product, stock, ts) values ('Шпатель', 23, '2021-07-21 11:03:00'::timestamp);
insert into orders (order_id, product, qty, ts) values ('967611722636429093', 'Перфоратор', 4, '2021-07-21 11:16:35'::timestamp);
insert into orders_history (order_id, status, ts) values ('967611722636429093', 'CREATED', '2021-07-21 11:16:35'::timestamp);
insert into stocks (product, stock, ts) values ('Перфоратор', 150, '2021-07-21 11:17:00'::timestamp);
insert into orders_history (order_id, status, ts) values ('5332452303912334344', 'COMPLETED', '2021-07-21 11:21:00'::timestamp);
insert into orders (order_id, product, qty, ts) values ('3004299637410730724', 'Швабра', 11, '2021-07-21 11:33:39'::timestamp);
insert into orders_history (order_id, status, ts) values ('3004299637410730724', 'CREATED', '2021-07-21 11:33:39'::timestamp);
insert into stocks (product, stock, ts) values ('Швабра', 130, '2021-07-21 11:34:00'::timestamp);
insert into orders (order_id, product, qty, ts) values ('2504507044340054977', 'Камин', 1, '2021-07-21 11:39:32'::timestamp);
insert into orders_history (order_id, status, ts) values ('2504507044340054977', 'CREATED', '2021-07-21 11:39:32'::timestamp);
insert into stocks (product, stock, ts) values ('Камин', 97, '2021-07-21 11:40:00'::timestamp);
insert into orders_history (order_id, status, ts) values ('8982553650986094555', 'COMPLETED', '2021-07-21 11:41:00'::timestamp);
insert into stocks (product, stock, ts) values ('Шпатель', 13, '2021-07-21 11:46:00'::timestamp);
insert into orders (order_id, product, qty, ts) values ('2527425509355939397', 'Шпатель', 11, '2021-07-21 11:58:36'::timestamp);
insert into orders_history (order_id, status, ts) values ('2527425509355939397', 'CREATED', '2021-07-21 11:58:36'::timestamp);
insert into stocks (product, stock, ts) values ('Шпатель', 2, '2021-07-21 11:59:00'::timestamp);
insert into orders_history (order_id, status, ts) values ('8256290498790672770', 'CANCELLED', '2021-07-21 12:04:53'::timestamp);
insert into stocks (product, stock, ts) values ('Шпатель', 3, '2021-07-21 12:05:00'::timestamp);
insert into orders_history (order_id, status, ts) values ('3004299637410730724', 'CANCELLED', '2021-07-21 12:12:36'::timestamp);
insert into stocks (product, stock, ts) values ('Швабра', 141, '2021-07-21 12:13:00'::timestamp);
insert into stocks (product, stock, ts) values ('Перфоратор', 147, '2021-07-21 12:18:00'::timestamp);
insert into stocks (product, stock, ts) values ('Отвертка', 14, '2021-07-21 12:23:00'::timestamp);
insert into orders (order_id, product, qty, ts) values ('90380738611292340', 'Швабра', 10, '2021-07-21 12:30:51'::timestamp);
insert into orders_history (order_id, status, ts) values ('90380738611292340', 'CREATED', '2021-07-21 12:30:51'::timestamp);
insert into stocks (product, stock, ts) values ('Швабра', 120, '2021-07-21 12:31:00'::timestamp);
insert into orders (order_id, product, qty, ts) values ('5315007103533213855', 'Камин', 4, '2021-07-21 12:42:52'::timestamp);
insert into orders_history (order_id, status, ts) values ('5315007103533213855', 'CREATED', '2021-07-21 12:42:52'::timestamp);
insert into stocks (product, stock, ts) values ('Камин', 93, '2021-07-21 12:43:00'::timestamp);
insert into stocks (product, stock, ts) values ('Камин', 82, '2021-07-21 12:47:00'::timestamp);
insert into orders (order_id, product, qty, ts) values ('3095387474010570760', 'Камин', 12, '2021-07-21 12:55:51'::timestamp);
insert into orders_history (order_id, status, ts) values ('3095387474010570760', 'CREATED', '2021-07-21 12:55:51'::timestamp);
insert into stocks (product, stock, ts) values ('Камин', 70, '2021-07-21 12:56:00'::timestamp);
insert into orders (order_id, product, qty, ts) values ('5970366367167767232', 'Лампочка', 5, '2021-07-21 13:11:00'::timestamp);
insert into orders_history (order_id, status, ts) values ('5970366367167767232', 'CREATED', '2021-07-21 13:11:00'::timestamp);
insert into stocks (product, stock, ts) values ('Лампочка', 37, '2021-07-21 13:11:00'::timestamp);
insert into stocks (product, stock, ts) values ('Камин', 164, '2021-07-21 13:25:00'::timestamp);
insert into orders_history (order_id, status, ts) values ('967611722636429093', 'CANCELLED', '2021-07-21 13:30:37'::timestamp);
insert into stocks (product, stock, ts) values ('Перфоратор', 151, '2021-07-21 13:31:00'::timestamp);
insert into stocks (product, stock, ts) values ('Лампочка', 30, '2021-07-21 13:33:00'::timestamp);
insert into orders_history (order_id, status, ts) values ('2504507044340054977', 'CANCELLED', '2021-07-21 13:34:49'::timestamp);
insert into stocks (product, stock, ts) values ('Камин', 165, '2021-07-21 13:35:00'::timestamp);
insert into stocks (product, stock, ts) values ('Шпатель', 25, '2021-07-21 13:36:00'::timestamp);
insert into stocks (product, stock, ts) values ('Люстра', 33, '2021-07-21 13:42:00'::timestamp);
insert into stocks (product, stock, ts) values ('Газонокосилка', 47, '2021-07-21 13:54:00'::timestamp);
insert into stocks (product, stock, ts) values ('Люстра', 23, '2021-07-21 14:04:00'::timestamp);
insert into stocks (product, stock, ts) values ('Камин', 152, '2021-07-21 14:05:00'::timestamp);
insert into stocks (product, stock, ts) values ('Лампочка', 19, '2021-07-21 14:17:00'::timestamp);
insert into stocks (product, stock, ts) values ('Люстра', 9, '2021-07-21 14:31:00'::timestamp);
insert into orders_history (order_id, status, ts) values ('2527425509355939397', 'COMPLETED', '2021-07-21 14:44:00'::timestamp);
insert into orders_history (order_id, status, ts) values ('5970366367167767232', 'COMPLETED', '2021-07-21 14:54:00'::timestamp);
insert into stocks (product, stock, ts) values ('Газонокосилка', 37, '2021-07-21 15:04:00'::timestamp);
insert into orders_history (order_id, status, ts) values ('5315007103533213855', 'CANCELLED', '2021-07-21 15:16:54'::timestamp);
insert into stocks (product, stock, ts) values ('Камин', 156, '2021-07-21 15:17:00'::timestamp);
insert into stocks (product, stock, ts) values ('Шпатель', 20, '2021-07-21 15:22:00'::timestamp);
insert into orders_history (order_id, status, ts) values ('3095387474010570760', 'CANCELLED', '2021-07-21 15:28:53'::timestamp);
insert into stocks (product, stock, ts) values ('Камин', 164, '2021-07-21 15:29:00'::timestamp);
insert into orders (order_id, product, qty, ts) values ('6174738916398350204', 'Лампочка', 12, '2021-07-21 15:29:33'::timestamp);
insert into orders_history (order_id, status, ts) values ('6174738916398350204', 'CREATED', '2021-07-21 15:29:33'::timestamp);
insert into stocks (product, stock, ts) values ('Лампочка', 7, '2021-07-21 15:30:00'::timestamp);
insert into stocks (product, stock, ts) values ('Шпатель', 19, '2021-07-21 15:43:00'::timestamp);
insert into orders (order_id, product, qty, ts) values ('6817568165130091334', 'Люстра', 5, '2021-07-21 15:57:37'::timestamp);
insert into orders_history (order_id, status, ts) values ('6817568165130091334', 'CREATED', '2021-07-21 15:57:37'::timestamp);
insert into stocks (product, stock, ts) values ('Люстра', 4, '2021-07-21 15:58:00'::timestamp);
insert into orders_history (order_id, status, ts) values ('6174738916398350204', 'CANCELLED', '2021-07-21 15:59:39'::timestamp);
insert into stocks (product, stock, ts) values ('Лампочка', 19, '2021-07-21 16:00:00'::timestamp);
insert into orders (order_id, product, qty, ts) values ('2745780527078366293', 'Перфоратор', 4, '2021-07-21 16:04:43'::timestamp);
insert into orders_history (order_id, status, ts) values ('2745780527078366293', 'CREATED', '2021-07-21 16:04:43'::timestamp);
insert into stocks (product, stock, ts) values ('Перфоратор', 143, '2021-07-21 16:05:00'::timestamp);
insert into stocks (product, stock, ts) values ('Швабра', 107, '2021-07-21 16:19:00'::timestamp);
insert into orders (order_id, product, qty, ts) values ('3886944362472986219', 'Отвертка', 1, '2021-07-21 16:33:31'::timestamp);
insert into orders_history (order_id, status, ts) values ('3886944362472986219', 'CREATED', '2021-07-21 16:33:31'::timestamp);
insert into stocks (product, stock, ts) values ('Отвертка', 13, '2021-07-21 16:34:00'::timestamp);
insert into orders_history (order_id, status, ts) values ('90380738611292340', 'CANCELLED', '2021-07-21 16:35:47'::timestamp);
insert into stocks (product, stock, ts) values ('Швабра', 117, '2021-07-21 16:36:00'::timestamp);
insert into stocks (product, stock, ts) values ('Газонокосилка', 34, '2021-07-21 16:41:00'::timestamp);
insert into stocks (product, stock, ts) values ('Люстра', 101, '2021-07-21 16:49:00'::timestamp);
insert into stocks (product, stock, ts) values ('Люстра', 86, '2021-07-21 17:00:00'::timestamp);
insert into orders (order_id, product, qty, ts) values ('2117673131702027878', 'Люстра', 14, '2021-07-21 17:03:00'::timestamp);
insert into orders_history (order_id, status, ts) values ('2117673131702027878', 'CREATED', '2021-07-21 17:03:00'::timestamp);
insert into stocks (product, stock, ts) values ('Люстра', 72, '2021-07-21 17:03:00'::timestamp);
insert into stocks (product, stock, ts) values ('Лампочка', 3, '2021-07-21 17:17:00'::timestamp);
insert into stocks (product, stock, ts) values ('Швабра', 93, '2021-07-21 17:32:00'::timestamp);
insert into orders_history (order_id, status, ts) values ('2117673131702027878', 'CANCELLED', '2021-07-21 17:32:42'::timestamp);
insert into stocks (product, stock, ts) values ('Люстра', 86, '2021-07-21 17:33:00'::timestamp);
insert into stocks (product, stock, ts) values ('Люстра', 58, '2021-07-21 17:37:00'::timestamp);
insert into orders_history (order_id, status, ts) values ('6817568165130091334', 'COMPLETED', '2021-07-21 17:39:00'::timestamp);
insert into stocks (product, stock, ts) values ('Шпатель', 28, '2021-07-21 17:49:00'::timestamp);
insert into stocks (product, stock, ts) values ('Шпатель', 26, '2021-07-21 18:02:00'::timestamp);
insert into orders (order_id, product, qty, ts) values ('7808626807722240599', 'Швабра', 12, '2021-07-21 18:11:59'::timestamp);
insert into orders_history (order_id, status, ts) values ('7808626807722240599', 'CREATED', '2021-07-21 18:11:59'::timestamp);
insert into stocks (product, stock, ts) values ('Швабра', 81, '2021-07-21 18:12:00'::timestamp);
insert into stocks (product, stock, ts) values ('Швабра', 79, '2021-07-21 18:19:00'::timestamp);
insert into orders (order_id, product, qty, ts) values ('3137759268373760642', 'Камин', 10, '2021-07-21 18:24:30'::timestamp);
insert into orders_history (order_id, status, ts) values ('3137759268373760642', 'CREATED', '2021-07-21 18:24:30'::timestamp);
insert into stocks (product, stock, ts) values ('Камин', 142, '2021-07-21 18:25:00'::timestamp);
insert into stocks (product, stock, ts) values ('Лампочка', 0, '2021-07-21 18:33:00'::timestamp);
insert into orders_history (order_id, status, ts) values ('2745780527078366293', 'COMPLETED', '2021-07-21 18:39:00'::timestamp);
insert into stocks (product, stock, ts) values ('Швабра', 68, '2021-07-21 18:53:00'::timestamp);
insert into orders (order_id, product, qty, ts) values ('3375222963084637010', 'Швабра', 2, '2021-07-21 19:07:57'::timestamp);
insert into orders_history (order_id, status, ts) values ('3375222963084637010', 'CREATED', '2021-07-21 19:07:57'::timestamp);
insert into stocks (product, stock, ts) values ('Швабра', 66, '2021-07-21 19:08:00'::timestamp);
insert into orders (order_id, product, qty, ts) values ('6504297418260277261', 'Люстра', 3, '2021-07-21 19:15:52'::timestamp);
insert into orders_history (order_id, status, ts) values ('6504297418260277261', 'CREATED', '2021-07-21 19:15:52'::timestamp);
insert into stocks (product, stock, ts) values ('Люстра', 55, '2021-07-21 19:16:00'::timestamp);
insert into orders (order_id, product, qty, ts) values ('1732912749415369016', 'Камин', 15, '2021-07-21 19:30:34'::timestamp);
insert into orders_history (order_id, status, ts) values ('1732912749415369016', 'CREATED', '2021-07-21 19:30:34'::timestamp);
insert into stocks (product, stock, ts) values ('Камин', 127, '2021-07-21 19:31:00'::timestamp);
insert into orders (order_id, product, qty, ts) values ('6193298628342109145', 'Люстра', 5, '2021-07-21 19:35:51'::timestamp);
insert into orders_history (order_id, status, ts) values ('6193298628342109145', 'CREATED', '2021-07-21 19:35:51'::timestamp);
insert into stocks (product, stock, ts) values ('Люстра', 50, '2021-07-21 19:36:00'::timestamp);
insert into orders (order_id, product, qty, ts) values ('908568487245800452', 'Перфоратор', 14, '2021-07-21 19:40:54'::timestamp);
insert into orders_history (order_id, status, ts) values ('908568487245800452', 'CREATED', '2021-07-21 19:40:54'::timestamp);
insert into stocks (product, stock, ts) values ('Перфоратор', 129, '2021-07-21 19:41:00'::timestamp);
insert into stocks (product, stock, ts) values ('Газонокосилка', 27, '2021-07-21 19:42:00'::timestamp);
insert into orders_history (order_id, status, ts) values ('908568487245800452', 'CANCELLED', '2021-07-21 19:55:40'::timestamp);
insert into stocks (product, stock, ts) values ('Перфоратор', 143, '2021-07-21 19:56:00'::timestamp);
insert into stocks (product, stock, ts) values ('Перфоратор', 117, '2021-07-21 19:58:00'::timestamp);
insert into stocks (product, stock, ts) values ('Швабра', 166, '2021-07-21 20:20:00'::timestamp);
insert into stocks (product, stock, ts) values ('Швабра', 154, '2021-07-21 20:25:00'::timestamp);
insert into stocks (product, stock, ts) values ('Лампочка', 99, '2021-07-21 20:38:00'::timestamp);
insert into orders_history (order_id, status, ts) values ('6193298628342109145', 'COMPLETED', '2021-07-21 20:40:00'::timestamp);
insert into stocks (product, stock, ts) values ('Шпатель', 11, '2021-07-21 20:47:00'::timestamp);
insert into orders_history (order_id, status, ts) values ('3886944362472986219', 'COMPLETED', '2021-07-21 20:56:00'::timestamp);
insert into orders (order_id, product, qty, ts) values ('7629762366551425048', 'Газонокосилка', 8, '2021-07-21 20:56:47'::timestamp);
insert into orders_history (order_id, status, ts) values ('7629762366551425048', 'CREATED', '2021-07-21 20:56:47'::timestamp);
insert into stocks (product, stock, ts) values ('Газонокосилка', 19, '2021-07-21 20:57:00'::timestamp);
insert into orders (order_id, product, qty, ts) values ('3782918922975409305', 'Отвертка', 6, '2021-07-21 21:03:37'::timestamp);
insert into orders_history (order_id, status, ts) values ('3782918922975409305', 'CREATED', '2021-07-21 21:03:37'::timestamp);
insert into stocks (product, stock, ts) values ('Отвертка', 7, '2021-07-21 21:04:00'::timestamp);
insert into orders_history (order_id, status, ts) values ('3782918922975409305', 'CANCELLED', '2021-07-21 21:14:43'::timestamp);
insert into stocks (product, stock, ts) values ('Отвертка', 13, '2021-07-21 21:15:00'::timestamp);
insert into stocks (product, stock, ts) values ('Газонокосилка', 4, '2021-07-21 21:28:00'::timestamp);
insert into stocks (product, stock, ts) values ('Люстра', 46, '2021-07-21 21:38:00'::timestamp);
insert into orders (order_id, product, qty, ts) values ('2122935549131733797', 'Швабра', 8, '2021-07-21 21:41:51'::timestamp);
insert into orders_history (order_id, status, ts) values ('2122935549131733797', 'CREATED', '2021-07-21 21:41:51'::timestamp);
insert into stocks (product, stock, ts) values ('Швабра', 146, '2021-07-21 21:42:00'::timestamp);
insert into orders_history (order_id, status, ts) values ('3375222963084637010', 'CANCELLED', '2021-07-21 21:42:58'::timestamp);
insert into stocks (product, stock, ts) values ('Швабра', 148, '2021-07-21 21:43:00'::timestamp);
insert into orders_history (order_id, status, ts) values ('3137759268373760642', 'COMPLETED', '2021-07-21 21:51:00'::timestamp);
insert into orders (order_id, product, qty, ts) values ('581867663972448132', 'Шпатель', 11, '2021-07-21 22:03:55'::timestamp);
insert into orders_history (order_id, status, ts) values ('581867663972448132', 'CREATED', '2021-07-21 22:03:55'::timestamp);
insert into stocks (product, stock, ts) values ('Шпатель', 0, '2021-07-21 22:04:00'::timestamp);
insert into orders_history (order_id, status, ts) values ('2122935549131733797', 'CANCELLED', '2021-07-21 22:18:49'::timestamp);
insert into stocks (product, stock, ts) values ('Швабра', 154, '2021-07-21 22:19:00'::timestamp);
insert into stocks (product, stock, ts) values ('Камин', 125, '2021-07-21 22:20:00'::timestamp);
insert into orders (order_id, product, qty, ts) values ('5777444308319678487', 'Газонокосилка', 3, '2021-07-21 22:21:50'::timestamp);
insert into orders_history (order_id, status, ts) values ('5777444308319678487', 'CREATED', '2021-07-21 22:21:50'::timestamp);
insert into stocks (product, stock, ts) values ('Газонокосилка', 1, '2021-07-21 22:22:00'::timestamp);
insert into orders (order_id, product, qty, ts) values ('3979131450524897565', 'Газонокосилка', 1, '2021-07-21 22:29:58'::timestamp);
insert into orders_history (order_id, status, ts) values ('3979131450524897565', 'CREATED', '2021-07-21 22:29:58'::timestamp);
insert into stocks (product, stock, ts) values ('Газонокосилка', 0, '2021-07-21 22:30:00'::timestamp);
insert into orders_history (order_id, status, ts) values ('5777444308319678487', 'CANCELLED', '2021-07-21 22:42:51'::timestamp);
insert into stocks (product, stock, ts) values ('Газонокосилка', 3, '2021-07-21 22:43:00'::timestamp);
insert into orders_history (order_id, status, ts) values ('6504297418260277261', 'CANCELLED', '2021-07-21 22:55:30'::timestamp);
insert into stocks (product, stock, ts) values ('Люстра', 49, '2021-07-21 22:56:00'::timestamp);
insert into stocks (product, stock, ts) values ('Лампочка', 92, '2021-07-21 23:00:00'::timestamp);
insert into orders_history (order_id, status, ts) values ('7808626807722240599', 'COMPLETED', '2021-07-22 09:00:00'::timestamp);
insert into orders (order_id, product, qty, ts) values ('775670933758652232', 'Перфоратор', 11, '2021-07-22 09:08:54'::timestamp);
insert into orders_history (order_id, status, ts) values ('775670933758652232', 'CREATED', '2021-07-22 09:08:54'::timestamp);
insert into stocks (product, stock, ts) values ('Перфоратор', 106, '2021-07-22 09:09:00'::timestamp);
insert into orders_history (order_id, status, ts) values ('1732912749415369016', 'COMPLETED', '2021-07-22 09:16:00'::timestamp);
insert into orders_history (order_id, status, ts) values ('3979131450524897565', 'COMPLETED', '2021-07-22 09:30:00'::timestamp);
insert into orders (order_id, product, qty, ts) values ('6969043691892515156', 'Швабра', 12, '2021-07-22 09:51:39'::timestamp);
insert into orders_history (order_id, status, ts) values ('6969043691892515156', 'CREATED', '2021-07-22 09:51:39'::timestamp);
insert into stocks (product, stock, ts) values ('Швабра', 134, '2021-07-22 09:52:00'::timestamp);
insert into orders_history (order_id, status, ts) values ('581867663972448132', 'COMPLETED', '2021-07-22 10:04:00'::timestamp);
insert into orders (order_id, product, qty, ts) values ('8874615449724320173', 'Камин', 9, '2021-07-22 10:06:37'::timestamp);
insert into orders_history (order_id, status, ts) values ('8874615449724320173', 'CREATED', '2021-07-22 10:06:37'::timestamp);
insert into stocks (product, stock, ts) values ('Камин', 116, '2021-07-22 10:07:00'::timestamp);
insert into orders_history (order_id, status, ts) values ('8874615449724320173', 'CANCELLED', '2021-07-22 10:20:45'::timestamp);
insert into stocks (product, stock, ts) values ('Камин', 125, '2021-07-22 10:21:00'::timestamp);
insert into orders (order_id, product, qty, ts) values ('2250122300495687612', 'Камин', 12, '2021-07-22 10:33:40'::timestamp);
insert into orders_history (order_id, status, ts) values ('2250122300495687612', 'CREATED', '2021-07-22 10:33:40'::timestamp);
insert into stocks (product, stock, ts) values ('Камин', 104, '2021-07-22 10:34:00'::timestamp);
insert into stocks (product, stock, ts) values ('Лампочка', 85, '2021-07-22 10:49:00'::timestamp);
insert into stocks (product, stock, ts) values ('Швабра', 132, '2021-07-22 10:57:00'::timestamp);
insert into orders_history (order_id, status, ts) values ('7629762366551425048', 'COMPLETED', '2021-07-22 11:11:00'::timestamp);
insert into orders_history (order_id, status, ts) values ('775670933758652232', 'CANCELLED', '2021-07-22 11:38:43'::timestamp);
insert into stocks (product, stock, ts) values ('Перфоратор', 117, '2021-07-22 11:39:00'::timestamp);
insert into orders_history (order_id, status, ts) values ('6969043691892515156', 'CANCELLED', '2021-07-22 11:49:47'::timestamp);
insert into stocks (product, stock, ts) values ('Швабра', 144, '2021-07-22 11:50:00'::timestamp);
insert into stocks (product, stock, ts) values ('Отвертка', 2, '2021-07-22 11:54:00'::timestamp);
insert into stocks (product, stock, ts) values ('Шпатель', 46, '2021-07-22 12:03:00'::timestamp);
insert into orders (order_id, product, qty, ts) values ('7496967092927875530', 'Камин', 9, '2021-07-22 12:03:45'::timestamp);
insert into orders_history (order_id, status, ts) values ('7496967092927875530', 'CREATED', '2021-07-22 12:03:45'::timestamp);
insert into stocks (product, stock, ts) values ('Камин', 95, '2021-07-22 12:04:00'::timestamp);
insert into stocks (product, stock, ts) values ('Швабра', 126, '2021-07-22 12:09:00'::timestamp);
insert into stocks (product, stock, ts) values ('Лампочка', 83, '2021-07-22 12:23:00'::timestamp);
insert into orders (order_id, product, qty, ts) values ('6356649999454576981', 'Камин', 5, '2021-07-22 12:28:32'::timestamp);
insert into orders_history (order_id, status, ts) values ('6356649999454576981', 'CREATED', '2021-07-22 12:28:32'::timestamp);
insert into stocks (product, stock, ts) values ('Камин', 90, '2021-07-22 12:29:00'::timestamp);
insert into orders (order_id, product, qty, ts) values ('8178239810773180772', 'Люстра', 2, '2021-07-22 12:29:32'::timestamp);
insert into orders_history (order_id, status, ts) values ('8178239810773180772', 'CREATED', '2021-07-22 12:29:32'::timestamp);
insert into stocks (product, stock, ts) values ('Люстра', 44, '2021-07-22 12:30:00'::timestamp);
insert into orders (order_id, product, qty, ts) values ('6026622403027072357', 'Швабра', 10, '2021-07-22 12:43:39'::timestamp);
insert into orders_history (order_id, status, ts) values ('6026622403027072357', 'CREATED', '2021-07-22 12:43:39'::timestamp);
insert into stocks (product, stock, ts) values ('Швабра', 116, '2021-07-22 12:44:00'::timestamp);
insert into orders (order_id, product, qty, ts) values ('5479015998938000761', 'Лампочка', 7, '2021-07-22 12:47:50'::timestamp);
insert into orders_history (order_id, status, ts) values ('5479015998938000761', 'CREATED', '2021-07-22 12:47:50'::timestamp);
insert into stocks (product, stock, ts) values ('Лампочка', 76, '2021-07-22 12:48:00'::timestamp);
insert into orders (order_id, product, qty, ts) values ('811044261605558980', 'Перфоратор', 13, '2021-07-22 12:55:35'::timestamp);
insert into orders_history (order_id, status, ts) values ('811044261605558980', 'CREATED', '2021-07-22 12:55:35'::timestamp);
insert into stocks (product, stock, ts) values ('Перфоратор', 93, '2021-07-22 12:56:00'::timestamp);
insert into orders_history (order_id, status, ts) values ('7496967092927875530', 'COMPLETED', '2021-07-22 13:07:00'::timestamp);
insert into orders (order_id, product, qty, ts) values ('3678937895926153742', 'Шпатель', 11, '2021-07-22 13:21:59'::timestamp);
insert into orders_history (order_id, status, ts) values ('3678937895926153742', 'CREATED', '2021-07-22 13:21:59'::timestamp);
insert into stocks (product, stock, ts) values ('Шпатель', 35, '2021-07-22 13:22:00'::timestamp);
insert into stocks (product, stock, ts) values ('Камин', 81, '2021-07-22 13:27:00'::timestamp);
insert into orders_history (order_id, status, ts) values ('6026622403027072357', 'CANCELLED', '2021-07-22 13:32:56'::timestamp);
insert into stocks (product, stock, ts) values ('Швабра', 126, '2021-07-22 13:33:00'::timestamp);
insert into orders_history (order_id, status, ts) values ('6356649999454576981', 'CANCELLED', '2021-07-22 13:48:41'::timestamp);
insert into stocks (product, stock, ts) values ('Камин', 86, '2021-07-22 13:49:00'::timestamp);
insert into orders (order_id, product, qty, ts) values ('4926305790097895071', 'Отвертка', 2, '2021-07-22 14:01:58'::timestamp);
insert into orders_history (order_id, status, ts) values ('4926305790097895071', 'CREATED', '2021-07-22 14:01:58'::timestamp);
insert into stocks (product, stock, ts) values ('Отвертка', 0, '2021-07-22 14:02:00'::timestamp);
insert into stocks (product, stock, ts) values ('Лампочка', 113, '2021-07-22 14:16:00'::timestamp);
insert into stocks (product, stock, ts) values ('Люстра', 111, '2021-07-22 14:21:00'::timestamp);
insert into orders (order_id, product, qty, ts) values ('5999664182798169794', 'Люстра', 9, '2021-07-22 14:31:40'::timestamp);
insert into orders_history (order_id, status, ts) values ('5999664182798169794', 'CREATED', '2021-07-22 14:31:40'::timestamp);
insert into stocks (product, stock, ts) values ('Люстра', 102, '2021-07-22 14:32:00'::timestamp);
insert into stocks (product, stock, ts) values ('Люстра', 91, '2021-07-22 14:41:00'::timestamp);
insert into stocks (product, stock, ts) values ('Шпатель', 28, '2021-07-22 14:43:00'::timestamp);
insert into stocks (product, stock, ts) values ('Швабра', 101, '2021-07-22 14:58:00'::timestamp);
insert into stocks (product, stock, ts) values ('Шпатель', 20, '2021-07-22 15:07:00'::timestamp);
insert into orders_history (order_id, status, ts) values ('5479015998938000761', 'COMPLETED', '2021-07-22 15:11:00'::timestamp);
insert into orders_history (order_id, status, ts) values ('2250122300495687612', 'COMPLETED', '2021-07-22 15:25:00'::timestamp);
insert into stocks (product, stock, ts) values ('Швабра', 100, '2021-07-22 15:34:00'::timestamp);
insert into orders (order_id, product, qty, ts) values ('8901396098907865893', 'Перфоратор', 11, '2021-07-22 15:58:38'::timestamp);
insert into orders_history (order_id, status, ts) values ('8901396098907865893', 'CREATED', '2021-07-22 15:58:38'::timestamp);
insert into stocks (product, stock, ts) values ('Перфоратор', 82, '2021-07-22 15:59:00'::timestamp);
insert into orders_history (order_id, status, ts) values ('811044261605558980', 'COMPLETED', '2021-07-22 16:06:00'::timestamp);
insert into orders (order_id, product, qty, ts) values ('5728240809888899330', 'Швабра', 3, '2021-07-22 16:16:47'::timestamp);
insert into orders_history (order_id, status, ts) values ('5728240809888899330', 'CREATED', '2021-07-22 16:16:47'::timestamp);
insert into stocks (product, stock, ts) values ('Швабра', 97, '2021-07-22 16:17:00'::timestamp);
insert into orders (order_id, product, qty, ts) values ('3026609610396884081', 'Шпатель', 1, '2021-07-22 16:36:32'::timestamp);
insert into orders_history (order_id, status, ts) values ('3026609610396884081', 'CREATED', '2021-07-22 16:36:32'::timestamp);
insert into stocks (product, stock, ts) values ('Шпатель', 19, '2021-07-22 16:37:00'::timestamp);
insert into stocks (product, stock, ts) values ('Перфоратор', 70, '2021-07-22 16:53:00'::timestamp);
insert into stocks (product, stock, ts) values ('Перфоратор', 65, '2021-07-22 17:05:00'::timestamp);
insert into stocks (product, stock, ts) values ('Перфоратор', 61, '2021-07-22 17:16:00'::timestamp);
insert into orders (order_id, product, qty, ts) values ('603818256155341586', 'Шпатель', 2, '2021-07-22 17:27:49'::timestamp);
insert into orders_history (order_id, status, ts) values ('603818256155341586', 'CREATED', '2021-07-22 17:27:49'::timestamp);
insert into stocks (product, stock, ts) values ('Шпатель', 17, '2021-07-22 17:28:00'::timestamp);
insert into orders (order_id, product, qty, ts) values ('6661794249180157307', 'Шпатель', 4, '2021-07-22 17:34:49'::timestamp);
insert into orders_history (order_id, status, ts) values ('6661794249180157307', 'CREATED', '2021-07-22 17:34:49'::timestamp);
insert into stocks (product, stock, ts) values ('Шпатель', 13, '2021-07-22 17:35:00'::timestamp);
insert into stocks (product, stock, ts) values ('Люстра', 165, '2021-07-22 17:41:00'::timestamp);
insert into orders_history (order_id, status, ts) values ('8178239810773180772', 'COMPLETED', '2021-07-22 17:42:00'::timestamp);
insert into orders (order_id, product, qty, ts) values ('3688839294753061100', 'Люстра', 12, '2021-07-22 17:50:56'::timestamp);
insert into orders_history (order_id, status, ts) values ('3688839294753061100', 'CREATED', '2021-07-22 17:50:56'::timestamp);
insert into stocks (product, stock, ts) values ('Люстра', 153, '2021-07-22 17:51:00'::timestamp);
insert into orders (order_id, product, qty, ts) values ('219059458694968973', 'Люстра', 15, '2021-07-22 18:03:58'::timestamp);
insert into orders_history (order_id, status, ts) values ('219059458694968973', 'CREATED', '2021-07-22 18:03:58'::timestamp);
insert into stocks (product, stock, ts) values ('Люстра', 138, '2021-07-22 18:04:00'::timestamp);
insert into stocks (product, stock, ts) values ('Лампочка', 178, '2021-07-22 18:06:00'::timestamp);
insert into orders_history (order_id, status, ts) values ('219059458694968973', 'CANCELLED', '2021-07-22 18:07:41'::timestamp);
insert into stocks (product, stock, ts) values ('Люстра', 153, '2021-07-22 18:08:00'::timestamp);
insert into stocks (product, stock, ts) values ('Камин', 72, '2021-07-22 18:25:00'::timestamp);
insert into stocks (product, stock, ts) values ('Камин', 65, '2021-07-22 18:28:00'::timestamp);
insert into orders_history (order_id, status, ts) values ('4926305790097895071', 'CANCELLED', '2021-07-22 18:39:31'::timestamp);
insert into stocks (product, stock, ts) values ('Отвертка', 2, '2021-07-22 18:40:00'::timestamp);
insert into stocks (product, stock, ts) values ('Камин', 60, '2021-07-22 18:55:00'::timestamp);
insert into orders (order_id, product, qty, ts) values ('4038280200859761381', 'Шпатель', 13, '2021-07-22 19:06:55'::timestamp);
insert into orders_history (order_id, status, ts) values ('4038280200859761381', 'CREATED', '2021-07-22 19:06:55'::timestamp);
insert into stocks (product, stock, ts) values ('Шпатель', 0, '2021-07-22 19:07:00'::timestamp);
insert into stocks (product, stock, ts) values ('Газонокосилка', 75, '2021-07-22 19:15:00'::timestamp);
insert into stocks (product, stock, ts) values ('Камин', 57, '2021-07-22 19:21:00'::timestamp);
insert into orders_history (order_id, status, ts) values ('3026609610396884081', 'CANCELLED', '2021-07-22 19:31:40'::timestamp);
insert into stocks (product, stock, ts) values ('Шпатель', 1, '2021-07-22 19:32:00'::timestamp);
insert into stocks (product, stock, ts) values ('Лампочка', 176, '2021-07-22 19:45:00'::timestamp);
insert into orders_history (order_id, status, ts) values ('3678937895926153742', 'COMPLETED', '2021-07-22 19:55:00'::timestamp);
insert into orders_history (order_id, status, ts) values ('8901396098907865893', 'COMPLETED', '2021-07-22 20:10:00'::timestamp);
insert into stocks (product, stock, ts) values ('Люстра', 133, '2021-07-22 20:19:00'::timestamp);
insert into orders (order_id, product, qty, ts) values ('6472368276485447829', 'Люстра', 10, '2021-07-22 20:30:55'::timestamp);
insert into orders_history (order_id, status, ts) values ('6472368276485447829', 'CREATED', '2021-07-22 20:30:55'::timestamp);
insert into stocks (product, stock, ts) values ('Люстра', 123, '2021-07-22 20:31:00'::timestamp);
insert into orders_history (order_id, status, ts) values ('6661794249180157307', 'CANCELLED', '2021-07-22 20:34:43'::timestamp);
insert into stocks (product, stock, ts) values ('Шпатель', 4, '2021-07-22 20:35:00'::timestamp);
insert into stocks (product, stock, ts) values ('Люстра', 115, '2021-07-22 20:48:00'::timestamp);
insert into orders_history (order_id, status, ts) values ('6472368276485447829', 'CANCELLED', '2021-07-22 21:02:36'::timestamp);
insert into stocks (product, stock, ts) values ('Люстра', 125, '2021-07-22 21:03:00'::timestamp);
insert into stocks (product, stock, ts) values ('Газонокосилка', 64, '2021-07-22 21:06:00'::timestamp);
insert into orders_history (order_id, status, ts) values ('5728240809888899330', 'COMPLETED', '2021-07-22 21:23:00'::timestamp);
insert into stocks (product, stock, ts) values ('Отвертка', 62, '2021-07-22 21:28:00'::timestamp);
insert into orders_history (order_id, status, ts) values ('4038280200859761381', 'COMPLETED', '2021-07-22 21:42:00'::timestamp);
insert into orders (order_id, product, qty, ts) values ('8492947564189423338', 'Отвертка', 11, '2021-07-22 21:46:42'::timestamp);
insert into orders_history (order_id, status, ts) values ('8492947564189423338', 'CREATED', '2021-07-22 21:46:42'::timestamp);
insert into stocks (product, stock, ts) values ('Отвертка', 51, '2021-07-22 21:47:00'::timestamp);
insert into orders (order_id, product, qty, ts) values ('2926332648330341678', 'Отвертка', 5, '2021-07-22 21:58:59'::timestamp);
insert into orders_history (order_id, status, ts) values ('2926332648330341678', 'CREATED', '2021-07-22 21:58:59'::timestamp);
insert into stocks (product, stock, ts) values ('Отвертка', 46, '2021-07-22 21:59:00'::timestamp);
insert into stocks (product, stock, ts) values ('Камин', 42, '2021-07-22 22:12:00'::timestamp);
insert into orders (order_id, product, qty, ts) values ('8138096849850597418', 'Камин', 5, '2021-07-22 22:26:45'::timestamp);
insert into orders_history (order_id, status, ts) values ('8138096849850597418', 'CREATED', '2021-07-22 22:26:45'::timestamp);
insert into stocks (product, stock, ts) values ('Камин', 37, '2021-07-22 22:27:00'::timestamp);
insert into orders (order_id, product, qty, ts) values ('3832405188953065884', 'Перфоратор', 12, '2021-07-22 22:41:30'::timestamp);
insert into orders_history (order_id, status, ts) values ('3832405188953065884', 'CREATED', '2021-07-22 22:41:30'::timestamp);
insert into stocks (product, stock, ts) values ('Перфоратор', 49, '2021-07-22 22:42:00'::timestamp);
insert into orders (order_id, product, qty, ts) values ('3840229323298450393', 'Отвертка', 6, '2021-07-22 22:44:46'::timestamp);
insert into orders_history (order_id, status, ts) values ('3840229323298450393', 'CREATED', '2021-07-22 22:44:46'::timestamp);
insert into stocks (product, stock, ts) values ('Отвертка', 40, '2021-07-22 22:45:00'::timestamp);
insert into orders_history (order_id, status, ts) values ('603818256155341586', 'CANCELLED', '2021-07-22 22:57:55'::timestamp);
insert into stocks (product, stock, ts) values ('Шпатель', 2, '2021-07-22 22:58:00'::timestamp);
insert into orders (order_id, product, qty, ts) values ('6631182734552588759', 'Лампочка', 9, '2021-07-22 23:01:35'::timestamp);
insert into orders_history (order_id, status, ts) values ('6631182734552588759', 'CREATED', '2021-07-22 23:01:35'::timestamp);
insert into stocks (product, stock, ts) values ('Лампочка', 167, '2021-07-22 23:02:00'::timestamp);
insert into orders_history (order_id, status, ts) values ('2926332648330341678', 'COMPLETED', '2021-07-23 09:02:00'::timestamp);
insert into stocks (product, stock, ts) values ('Швабра', 93, '2021-07-23 09:03:00'::timestamp);
insert into stocks (product, stock, ts) values ('Камин', 36, '2021-07-23 09:12:00'::timestamp);
insert into stocks (product, stock, ts) values ('Лампочка', 156, '2021-07-23 09:25:00'::timestamp);
insert into orders_history (order_id, status, ts) values ('8492947564189423338', 'COMPLETED', '2021-07-23 09:30:00'::timestamp);
insert into orders_history (order_id, status, ts) values ('5999664182798169794', 'COMPLETED', '2021-07-23 09:39:00'::timestamp);
insert into orders_history (order_id, status, ts) values ('3840229323298450393', 'COMPLETED', '2021-07-23 09:46:00'::timestamp);
insert into orders_history (order_id, status, ts) values ('8138096849850597418', 'COMPLETED', '2021-07-23 10:00:00'::timestamp);
insert into orders_history (order_id, status, ts) values ('3832405188953065884', 'COMPLETED', '2021-07-23 10:05:00'::timestamp);
insert into stocks (product, stock, ts) values ('Перфоратор', 48, '2021-07-23 10:16:00'::timestamp);
insert into orders_history (order_id, status, ts) values ('6631182734552588759', 'CANCELLED', '2021-07-23 10:26:55'::timestamp);
insert into stocks (product, stock, ts) values ('Лампочка', 165, '2021-07-23 10:27:00'::timestamp);
insert into stocks (product, stock, ts) values ('Камин', 96, '2021-07-23 10:56:00'::timestamp);
insert into orders (order_id, product, qty, ts) values ('2011966078638648651', 'Отвертка', 2, '2021-07-23 10:57:34'::timestamp);
insert into orders_history (order_id, status, ts) values ('2011966078638648651', 'CREATED', '2021-07-23 10:57:34'::timestamp);
insert into stocks (product, stock, ts) values ('Отвертка', 38, '2021-07-23 10:58:00'::timestamp);
insert into orders (order_id, product, qty, ts) values ('178363637122488721', 'Перфоратор', 1, '2021-07-23 11:13:00'::timestamp);
insert into orders_history (order_id, status, ts) values ('178363637122488721', 'CREATED', '2021-07-23 11:13:00'::timestamp);
insert into stocks (product, stock, ts) values ('Перфоратор', 47, '2021-07-23 11:13:00'::timestamp);
insert into orders_history (order_id, status, ts) values ('3688839294753061100', 'COMPLETED', '2021-07-23 11:26:00'::timestamp);
insert into stocks (product, stock, ts) values ('Люстра', 102, '2021-07-23 11:30:00'::timestamp);
insert into orders_history (order_id, status, ts) values ('178363637122488721', 'CANCELLED', '2021-07-23 11:33:59'::timestamp);
insert into stocks (product, stock, ts) values ('Перфоратор', 48, '2021-07-23 11:34:00'::timestamp);
insert into orders_history (order_id, status, ts) values ('2011966078638648651', 'CANCELLED', '2021-07-23 11:47:55'::timestamp);
insert into stocks (product, stock, ts) values ('Отвертка', 40, '2021-07-23 11:48:00'::timestamp);
insert into stocks (product, stock, ts) values ('Перфоратор', 35, '2021-07-23 11:58:00'::timestamp);
insert into orders (order_id, product, qty, ts) values ('5017302838776236043', 'Отвертка', 15, '2021-07-23 12:09:00'::timestamp);
insert into orders_history (order_id, status, ts) values ('5017302838776236043', 'CREATED', '2021-07-23 12:09:00'::timestamp);
insert into stocks (product, stock, ts) values ('Отвертка', 23, '2021-07-23 12:09:00'::timestamp);
insert into stocks (product, stock, ts) values ('Отвертка', 11, '2021-07-23 12:23:00'::timestamp);
insert into stocks (product, stock, ts) values ('Отвертка', 5, '2021-07-23 12:35:00'::timestamp);
insert into stocks (product, stock, ts) values ('Газонокосилка', 56, '2021-07-23 12:41:00'::timestamp);
insert into orders (order_id, product, qty, ts) values ('2440909484639692640', 'Отвертка', 5, '2021-07-23 12:42:31'::timestamp);
insert into orders_history (order_id, status, ts) values ('2440909484639692640', 'CREATED', '2021-07-23 12:42:31'::timestamp);
insert into stocks (product, stock, ts) values ('Отвертка', 0, '2021-07-23 12:43:00'::timestamp);
insert into orders_history (order_id, status, ts) values ('2440909484639692640', 'CANCELLED', '2021-07-23 12:47:41'::timestamp);
insert into stocks (product, stock, ts) values ('Отвертка', 5, '2021-07-23 12:48:00'::timestamp);
insert into orders (order_id, product, qty, ts) values ('1595509919469150375', 'Лампочка', 4, '2021-07-23 13:02:59'::timestamp);
insert into orders_history (order_id, status, ts) values ('1595509919469150375', 'CREATED', '2021-07-23 13:02:59'::timestamp);
insert into stocks (product, stock, ts) values ('Лампочка', 152, '2021-07-23 13:03:00'::timestamp);
insert into orders (order_id, product, qty, ts) values ('8281557189182700954', 'Камин', 8, '2021-07-23 13:11:38'::timestamp);
insert into orders_history (order_id, status, ts) values ('8281557189182700954', 'CREATED', '2021-07-23 13:11:38'::timestamp);
insert into stocks (product, stock, ts) values ('Камин', 88, '2021-07-23 13:12:00'::timestamp);
insert into orders (order_id, product, qty, ts) values ('4313009032353374256', 'Камин', 6, '2021-07-23 13:14:52'::timestamp);
insert into orders_history (order_id, status, ts) values ('4313009032353374256', 'CREATED', '2021-07-23 13:14:52'::timestamp);
insert into stocks (product, stock, ts) values ('Камин', 82, '2021-07-23 13:15:00'::timestamp);
insert into stocks (product, stock, ts) values ('Камин', 77, '2021-07-23 13:25:00'::timestamp);
insert into orders (order_id, product, qty, ts) values ('6177239466111391317', 'Газонокосилка', 8, '2021-07-23 13:51:40'::timestamp);
insert into orders_history (order_id, status, ts) values ('6177239466111391317', 'CREATED', '2021-07-23 13:51:40'::timestamp);
insert into stocks (product, stock, ts) values ('Газонокосилка', 48, '2021-07-23 13:52:00'::timestamp);
insert into stocks (product, stock, ts) values ('Люстра', 96, '2021-07-23 14:01:00'::timestamp);
insert into orders (order_id, product, qty, ts) values ('9073642969180489944', 'Перфоратор', 13, '2021-07-23 14:02:32'::timestamp);
insert into orders_history (order_id, status, ts) values ('9073642969180489944', 'CREATED', '2021-07-23 14:02:32'::timestamp);
insert into stocks (product, stock, ts) values ('Перфоратор', 22, '2021-07-23 14:03:00'::timestamp);
insert into stocks (product, stock, ts) values ('Лампочка', 147, '2021-07-23 14:15:00'::timestamp);
insert into stocks (product, stock, ts) values ('Отвертка', 50, '2021-07-23 14:24:00'::timestamp);
insert into stocks (product, stock, ts) values ('Швабра', 84, '2021-07-23 14:25:00'::timestamp);
insert into orders (order_id, product, qty, ts) values ('7053672944011032629', 'Перфоратор', 4, '2021-07-23 14:37:55'::timestamp);
insert into orders_history (order_id, status, ts) values ('7053672944011032629', 'CREATED', '2021-07-23 14:37:55'::timestamp);
insert into stocks (product, stock, ts) values ('Перфоратор', 18, '2021-07-23 14:38:00'::timestamp);
insert into stocks (product, stock, ts) values ('Лампочка', 134, '2021-07-23 14:47:00'::timestamp);
insert into stocks (product, stock, ts) values ('Газонокосилка', 44, '2021-07-23 14:58:00'::timestamp);
insert into orders_history (order_id, status, ts) values ('5017302838776236043', 'CANCELLED', '2021-07-23 15:01:59'::timestamp);
insert into stocks (product, stock, ts) values ('Отвертка', 65, '2021-07-23 15:02:00'::timestamp);
insert into stocks (product, stock, ts) values ('Люстра', 89, '2021-07-23 15:13:00'::timestamp);
insert into orders (order_id, product, qty, ts) values ('7120092176322532934', 'Лампочка', 12, '2021-07-23 15:14:35'::timestamp);
insert into orders_history (order_id, status, ts) values ('7120092176322532934', 'CREATED', '2021-07-23 15:14:35'::timestamp);
insert into stocks (product, stock, ts) values ('Лампочка', 122, '2021-07-23 15:15:00'::timestamp);
insert into stocks (product, stock, ts) values ('Шпатель', 22, '2021-07-23 15:28:00'::timestamp);
insert into orders (order_id, product, qty, ts) values ('2303395340181224486', 'Швабра', 7, '2021-07-23 15:36:53'::timestamp);
insert into orders_history (order_id, status, ts) values ('2303395340181224486', 'CREATED', '2021-07-23 15:36:53'::timestamp);
insert into stocks (product, stock, ts) values ('Швабра', 77, '2021-07-23 15:37:00'::timestamp);
insert into orders (order_id, product, qty, ts) values ('7897161868188045770', 'Шпатель', 9, '2021-07-23 15:39:48'::timestamp);
insert into orders_history (order_id, status, ts) values ('7897161868188045770', 'CREATED', '2021-07-23 15:39:48'::timestamp);
insert into stocks (product, stock, ts) values ('Шпатель', 13, '2021-07-23 15:40:00'::timestamp);
insert into orders_history (order_id, status, ts) values ('1595509919469150375', 'COMPLETED', '2021-07-23 15:46:00'::timestamp);
insert into orders (order_id, product, qty, ts) values ('1892558327992732901', 'Камин', 7, '2021-07-23 16:00:47'::timestamp);
insert into orders_history (order_id, status, ts) values ('1892558327992732901', 'CREATED', '2021-07-23 16:00:47'::timestamp);
insert into stocks (product, stock, ts) values ('Камин', 70, '2021-07-23 16:01:00'::timestamp);
insert into orders (order_id, product, qty, ts) values ('883980640278637609', 'Камин', 7, '2021-07-23 16:01:44'::timestamp);
insert into orders_history (order_id, status, ts) values ('883980640278637609', 'CREATED', '2021-07-23 16:01:44'::timestamp);
insert into stocks (product, stock, ts) values ('Камин', 63, '2021-07-23 16:02:00'::timestamp);
insert into stocks (product, stock, ts) values ('Перфоратор', 4, '2021-07-23 16:07:00'::timestamp);
insert into orders (order_id, product, qty, ts) values ('5277731615542917358', 'Лампочка', 9, '2021-07-23 16:09:39'::timestamp);
insert into orders_history (order_id, status, ts) values ('5277731615542917358', 'CREATED', '2021-07-23 16:09:39'::timestamp);
insert into stocks (product, stock, ts) values ('Лампочка', 113, '2021-07-23 16:10:00'::timestamp);
insert into orders_history (order_id, status, ts) values ('7053672944011032629', 'COMPLETED', '2021-07-23 16:24:00'::timestamp);
insert into orders_history (order_id, status, ts) values ('8281557189182700954', 'COMPLETED', '2021-07-23 16:30:00'::timestamp);
insert into orders (order_id, product, qty, ts) values ('4658723978737459211', 'Люстра', 11, '2021-07-23 16:30:31'::timestamp);
insert into orders_history (order_id, status, ts) values ('4658723978737459211', 'CREATED', '2021-07-23 16:30:31'::timestamp);
insert into stocks (product, stock, ts) values ('Люстра', 78, '2021-07-23 16:31:00'::timestamp);
insert into orders_history (order_id, status, ts) values ('4313009032353374256', 'COMPLETED', '2021-07-23 16:40:00'::timestamp);
insert into stocks (product, stock, ts) values ('Шпатель', 8, '2021-07-23 16:49:00'::timestamp);
insert into orders (order_id, product, qty, ts) values ('8418102148654218775', 'Швабра', 1, '2021-07-23 16:57:37'::timestamp);
insert into orders_history (order_id, status, ts) values ('8418102148654218775', 'CREATED', '2021-07-23 16:57:37'::timestamp);
insert into stocks (product, stock, ts) values ('Швабра', 76, '2021-07-23 16:58:00'::timestamp);
insert into orders (order_id, product, qty, ts) values ('8060768761899870929', 'Лампочка', 14, '2021-07-23 16:59:49'::timestamp);
insert into orders_history (order_id, status, ts) values ('8060768761899870929', 'CREATED', '2021-07-23 16:59:49'::timestamp);
insert into stocks (product, stock, ts) values ('Лампочка', 99, '2021-07-23 17:00:00'::timestamp);
insert into orders (order_id, product, qty, ts) values ('8706765961321397866', 'Отвертка', 4, '2021-07-23 17:01:57'::timestamp);
insert into orders_history (order_id, status, ts) values ('8706765961321397866', 'CREATED', '2021-07-23 17:01:57'::timestamp);
insert into stocks (product, stock, ts) values ('Отвертка', 46, '2021-07-23 17:02:00'::timestamp);
insert into orders_history (order_id, status, ts) values ('7897161868188045770', 'COMPLETED', '2021-07-23 17:10:00'::timestamp);
insert into stocks (product, stock, ts) values ('Швабра', 72, '2021-07-23 17:22:00'::timestamp);
insert into orders_history (order_id, status, ts) values ('1892558327992732901', 'CANCELLED', '2021-07-23 17:35:41'::timestamp);
insert into stocks (product, stock, ts) values ('Камин', 70, '2021-07-23 17:36:00'::timestamp);
insert into orders_history (order_id, status, ts) values ('6177239466111391317', 'CANCELLED', '2021-07-23 17:39:35'::timestamp);
insert into stocks (product, stock, ts) values ('Газонокосилка', 52, '2021-07-23 17:40:00'::timestamp);
insert into stocks (product, stock, ts) values ('Люстра', 125, '2021-07-23 17:42:00'::timestamp);
insert into orders (order_id, product, qty, ts) values ('6138123262547580350', 'Шпатель', 6, '2021-07-23 17:42:37'::timestamp);
insert into orders_history (order_id, status, ts) values ('6138123262547580350', 'CREATED', '2021-07-23 17:42:37'::timestamp);
insert into stocks (product, stock, ts) values ('Шпатель', 2, '2021-07-23 17:43:00'::timestamp);
insert into orders (order_id, product, qty, ts) values ('2061361395944626454', 'Лампочка', 15, '2021-07-23 17:50:47'::timestamp);
insert into orders_history (order_id, status, ts) values ('2061361395944626454', 'CREATED', '2021-07-23 17:50:47'::timestamp);
insert into stocks (product, stock, ts) values ('Лампочка', 84, '2021-07-23 17:51:00'::timestamp);
insert into orders (order_id, product, qty, ts) values ('3304566585010752385', 'Камин', 10, '2021-07-23 17:58:31'::timestamp);
insert into orders_history (order_id, status, ts) values ('3304566585010752385', 'CREATED', '2021-07-23 17:58:31'::timestamp);
insert into stocks (product, stock, ts) values ('Камин', 53, '2021-07-23 17:59:00'::timestamp);
insert into stocks (product, stock, ts) values ('Швабра', 68, '2021-07-23 18:10:00'::timestamp);
insert into orders (order_id, product, qty, ts) values ('2419757507569264834', 'Перфоратор', 4, '2021-07-23 18:19:46'::timestamp);
insert into orders_history (order_id, status, ts) values ('2419757507569264834', 'CREATED', '2021-07-23 18:19:46'::timestamp);
insert into stocks (product, stock, ts) values ('Перфоратор', 0, '2021-07-23 18:20:00'::timestamp);
insert into stocks (product, stock, ts) values ('Лампочка', 82, '2021-07-23 18:33:00'::timestamp);
insert into orders_history (order_id, status, ts) values ('4658723978737459211', 'CANCELLED', '2021-07-23 18:35:57'::timestamp);
insert into stocks (product, stock, ts) values ('Люстра', 136, '2021-07-23 18:36:00'::timestamp);
insert into stocks (product, stock, ts) values ('Швабра', 56, '2021-07-23 18:41:00'::timestamp);
insert into orders (order_id, product, qty, ts) values ('4888049067208909891', 'Люстра', 6, '2021-07-23 18:41:47'::timestamp);
insert into orders_history (order_id, status, ts) values ('4888049067208909891', 'CREATED', '2021-07-23 18:41:47'::timestamp);
insert into stocks (product, stock, ts) values ('Люстра', 119, '2021-07-23 18:42:00'::timestamp);
insert into stocks (product, stock, ts) values ('Газонокосилка', 41, '2021-07-23 18:47:00'::timestamp);
insert into orders (order_id, product, qty, ts) values ('9018998554612370991', 'Камин', 14, '2021-07-23 18:52:45'::timestamp);
insert into orders_history (order_id, status, ts) values ('9018998554612370991', 'CREATED', '2021-07-23 18:52:45'::timestamp);
insert into stocks (product, stock, ts) values ('Камин', 39, '2021-07-23 18:53:00'::timestamp);
insert into orders_history (order_id, status, ts) values ('5277731615542917358', 'COMPLETED', '2021-07-23 19:06:00'::timestamp);
insert into orders_history (order_id, status, ts) values ('9073642969180489944', 'COMPLETED', '2021-07-23 19:23:00'::timestamp);
insert into orders_history (order_id, status, ts) values ('8418102148654218775', 'COMPLETED', '2021-07-23 19:30:00'::timestamp);
insert into stocks (product, stock, ts) values ('Отвертка', 41, '2021-07-23 19:33:00'::timestamp);
insert into orders_history (order_id, status, ts) values ('8060768761899870929', 'COMPLETED', '2021-07-23 19:42:00'::timestamp);
insert into orders (order_id, product, qty, ts) values ('751407819226091306', 'Камин', 15, '2021-07-23 19:46:41'::timestamp);
insert into orders_history (order_id, status, ts) values ('751407819226091306', 'CREATED', '2021-07-23 19:46:41'::timestamp);
insert into stocks (product, stock, ts) values ('Камин', 24, '2021-07-23 19:47:00'::timestamp);
insert into orders_history (order_id, status, ts) values ('6138123262547580350', 'COMPLETED', '2021-07-23 19:57:00'::timestamp);
insert into stocks (product, stock, ts) values ('Газонокосилка', 34, '2021-07-23 19:58:00'::timestamp);
insert into stocks (product, stock, ts) values ('Лампочка', 71, '2021-07-23 20:10:00'::timestamp);
insert into orders (order_id, product, qty, ts) values ('7535444140815108921', 'Отвертка', 10, '2021-07-23 20:24:51'::timestamp);
insert into orders_history (order_id, status, ts) values ('7535444140815108921', 'CREATED', '2021-07-23 20:24:51'::timestamp);
insert into stocks (product, stock, ts) values ('Отвертка', 31, '2021-07-23 20:25:00'::timestamp);
insert into orders (order_id, product, qty, ts) values ('7843239569891348681', 'Шпатель', 2, '2021-07-23 20:33:35'::timestamp);
insert into orders_history (order_id, status, ts) values ('7843239569891348681', 'CREATED', '2021-07-23 20:33:35'::timestamp);
insert into stocks (product, stock, ts) values ('Шпатель', 0, '2021-07-23 20:34:00'::timestamp);
insert into orders_history (order_id, status, ts) values ('2303395340181224486', 'CANCELLED', '2021-07-23 20:38:55'::timestamp);
insert into stocks (product, stock, ts) values ('Швабра', 63, '2021-07-23 20:39:00'::timestamp);
insert into stocks (product, stock, ts) values ('Шпатель', 55, '2021-07-23 20:46:00'::timestamp);
insert into orders_history (order_id, status, ts) values ('2419757507569264834', 'CANCELLED', '2021-07-23 20:58:49'::timestamp);
insert into stocks (product, stock, ts) values ('Перфоратор', 4, '2021-07-23 20:59:00'::timestamp);
insert into orders_history (order_id, status, ts) values ('3304566585010752385', 'COMPLETED', '2021-07-23 21:11:00'::timestamp);
insert into orders_history (order_id, status, ts) values ('8706765961321397866', 'COMPLETED', '2021-07-23 21:17:00'::timestamp);
insert into orders_history (order_id, status, ts) values ('7120092176322532934', 'COMPLETED', '2021-07-23 21:29:00'::timestamp);
insert into orders_history (order_id, status, ts) values ('7843239569891348681', 'CANCELLED', '2021-07-23 21:31:49'::timestamp);
insert into stocks (product, stock, ts) values ('Шпатель', 57, '2021-07-23 21:32:00'::timestamp);
insert into orders (order_id, product, qty, ts) values ('1860018426377497069', 'Люстра', 5, '2021-07-23 21:32:32'::timestamp);
insert into orders_history (order_id, status, ts) values ('1860018426377497069', 'CREATED', '2021-07-23 21:32:32'::timestamp);
insert into stocks (product, stock, ts) values ('Люстра', 114, '2021-07-23 21:33:00'::timestamp);
insert into orders (order_id, product, qty, ts) values ('5205578710434652910', 'Лампочка', 3, '2021-07-23 21:34:35'::timestamp);
insert into orders_history (order_id, status, ts) values ('5205578710434652910', 'CREATED', '2021-07-23 21:34:35'::timestamp);
insert into stocks (product, stock, ts) values ('Лампочка', 68, '2021-07-23 21:35:00'::timestamp);
insert into stocks (product, stock, ts) values ('Шпатель', 40, '2021-07-23 21:40:00'::timestamp);
insert into orders (order_id, product, qty, ts) values ('4054684221325659764', 'Швабра', 10, '2021-07-23 21:51:43'::timestamp);
insert into orders_history (order_id, status, ts) values ('4054684221325659764', 'CREATED', '2021-07-23 21:51:43'::timestamp);
insert into stocks (product, stock, ts) values ('Швабра', 46, '2021-07-23 21:52:00'::timestamp);
insert into stocks (product, stock, ts) values ('Газонокосилка', 25, '2021-07-23 22:06:00'::timestamp);
insert into orders (order_id, product, qty, ts) values ('2834246297448761766', 'Газонокосилка', 15, '2021-07-23 22:13:30'::timestamp);
insert into orders_history (order_id, status, ts) values ('2834246297448761766', 'CREATED', '2021-07-23 22:13:30'::timestamp);
insert into stocks (product, stock, ts) values ('Газонокосилка', 10, '2021-07-23 22:14:00'::timestamp);
insert into stocks (product, stock, ts) values ('Отвертка', 21, '2021-07-23 22:23:00'::timestamp);
insert into orders (order_id, product, qty, ts) values ('8415044062268618327', 'Люстра', 13, '2021-07-23 22:24:51'::timestamp);
insert into orders_history (order_id, status, ts) values ('8415044062268618327', 'CREATED', '2021-07-23 22:24:51'::timestamp);
insert into stocks (product, stock, ts) values ('Люстра', 101, '2021-07-23 22:25:00'::timestamp);
insert into orders_history (order_id, status, ts) values ('8415044062268618327', 'CANCELLED', '2021-07-23 22:28:34'::timestamp);
insert into stocks (product, stock, ts) values ('Люстра', 114, '2021-07-23 22:29:00'::timestamp);
insert into orders_history (order_id, status, ts) values ('2061361395944626454', 'COMPLETED', '2021-07-23 22:41:00'::timestamp);
insert into orders (order_id, product, qty, ts) values ('8295571551946076699', 'Швабра', 9, '2021-07-23 22:50:45'::timestamp);
insert into orders_history (order_id, status, ts) values ('8295571551946076699', 'CREATED', '2021-07-23 22:50:45'::timestamp);
insert into stocks (product, stock, ts) values ('Швабра', 37, '2021-07-23 22:51:00'::timestamp);
insert into orders (order_id, product, qty, ts) values ('1704714458287914323', 'Газонокосилка', 7, '2021-07-23 22:54:51'::timestamp);
insert into orders_history (order_id, status, ts) values ('1704714458287914323', 'CREATED', '2021-07-23 22:54:51'::timestamp);
insert into stocks (product, stock, ts) values ('Газонокосилка', 3, '2021-07-23 22:55:00'::timestamp);
insert into orders (order_id, product, qty, ts) values ('9155035834982501392', 'Люстра', 8, '2021-07-23 23:02:32'::timestamp);
insert into orders_history (order_id, status, ts) values ('9155035834982501392', 'CREATED', '2021-07-23 23:02:32'::timestamp);
insert into stocks (product, stock, ts) values ('Люстра', 93, '2021-07-23 23:03:00'::timestamp);
insert into orders_history (order_id, status, ts) values ('4888049067208909891', 'COMPLETED', '2021-07-24 09:03:00'::timestamp);
insert into orders_history (order_id, status, ts) values ('2834246297448761766', 'COMPLETED', '2021-07-24 09:09:00'::timestamp);
insert into orders_history (order_id, status, ts) values ('5205578710434652910', 'CANCELLED', '2021-07-24 09:14:33'::timestamp);
insert into stocks (product, stock, ts) values ('Лампочка', 71, '2021-07-24 09:15:00'::timestamp);
insert into orders_history (order_id, status, ts) values ('4054684221325659764', 'COMPLETED', '2021-07-24 09:17:00'::timestamp);
insert into orders_history (order_id, status, ts) values ('883980640278637609', 'COMPLETED', '2021-07-24 09:22:00'::timestamp);
insert into orders_history (order_id, status, ts) values ('7535444140815108921', 'COMPLETED', '2021-07-24 09:30:00'::timestamp);
insert into orders (order_id, product, qty, ts) values ('8983904408972744022', 'Камин', 5, '2021-07-24 09:33:41'::timestamp);
insert into orders_history (order_id, status, ts) values ('8983904408972744022', 'CREATED', '2021-07-24 09:33:41'::timestamp);
insert into stocks (product, stock, ts) values ('Камин', 19, '2021-07-24 09:34:00'::timestamp);
insert into orders_history (order_id, status, ts) values ('8295571551946076699', 'COMPLETED', '2021-07-24 09:49:00'::timestamp);
insert into orders_history (order_id, status, ts) values ('9155035834982501392', 'COMPLETED', '2021-07-24 09:51:00'::timestamp);
insert into stocks (product, stock, ts) values ('Камин', 12, '2021-07-24 09:52:00'::timestamp);
insert into orders_history (order_id, status, ts) values ('751407819226091306', 'COMPLETED', '2021-07-24 10:02:00'::timestamp);
insert into orders (order_id, product, qty, ts) values ('8596022027499574229', 'Отвертка', 8, '2021-07-24 10:02:42'::timestamp);
insert into orders_history (order_id, status, ts) values ('8596022027499574229', 'CREATED', '2021-07-24 10:02:42'::timestamp);
insert into stocks (product, stock, ts) values ('Отвертка', 13, '2021-07-24 10:03:00'::timestamp);
insert into orders_history (order_id, status, ts) values ('1704714458287914323', 'COMPLETED', '2021-07-24 10:12:00'::timestamp);
insert into orders_history (order_id, status, ts) values ('8983904408972744022', 'CANCELLED', '2021-07-24 10:23:42'::timestamp);
insert into stocks (product, stock, ts) values ('Камин', 17, '2021-07-24 10:24:00'::timestamp);
insert into orders_history (order_id, status, ts) values ('9018998554612370991', 'COMPLETED', '2021-07-24 10:51:00'::timestamp);
insert into orders_history (order_id, status, ts) values ('8596022027499574229', 'CANCELLED', '2021-07-24 10:53:31'::timestamp);
insert into stocks (product, stock, ts) values ('Отвертка', 21, '2021-07-24 10:54:00'::timestamp);
insert into stocks (product, stock, ts) values ('Шпатель', 29, '2021-07-24 10:56:00'::timestamp);
insert into orders_history (order_id, status, ts) values ('1860018426377497069', 'COMPLETED', '2021-07-24 11:00:00'::timestamp);
insert into stocks (product, stock, ts) values ('Швабра', 26, '2021-07-24 11:04:00'::timestamp);
insert into orders (order_id, product, qty, ts) values ('8357834533398948566', 'Люстра', 10, '2021-07-24 11:12:42'::timestamp);
insert into orders_history (order_id, status, ts) values ('8357834533398948566', 'CREATED', '2021-07-24 11:12:42'::timestamp);
insert into stocks (product, stock, ts) values ('Люстра', 83, '2021-07-24 11:13:00'::timestamp);
insert into orders_history (order_id, status, ts) values ('8357834533398948566', 'CANCELLED', '2021-07-24 11:20:44'::timestamp);
insert into stocks (product, stock, ts) values ('Люстра', 93, '2021-07-24 11:21:00'::timestamp);
insert into stocks (product, stock, ts) values ('Лампочка', 59, '2021-07-24 11:27:00'::timestamp);
insert into stocks (product, stock, ts) values ('Лампочка', 50, '2021-07-24 11:37:00'::timestamp);
insert into orders (order_id, product, qty, ts) values ('8388162516570580082', 'Шпатель', 4, '2021-07-24 11:48:53'::timestamp);
insert into orders_history (order_id, status, ts) values ('8388162516570580082', 'CREATED', '2021-07-24 11:48:53'::timestamp);
insert into stocks (product, stock, ts) values ('Шпатель', 25, '2021-07-24 11:49:00'::timestamp);
insert into orders (order_id, product, qty, ts) values ('5060684705051924356', 'Люстра', 7, '2021-07-24 11:49:49'::timestamp);
insert into orders_history (order_id, status, ts) values ('5060684705051924356', 'CREATED', '2021-07-24 11:49:49'::timestamp);
insert into stocks (product, stock, ts) values ('Люстра', 76, '2021-07-24 11:50:00'::timestamp);
insert into stocks (product, stock, ts) values ('Перфоратор', 37, '2021-07-24 12:00:00'::timestamp);
insert into stocks (product, stock, ts) values ('Швабра', 18, '2021-07-24 12:03:00'::timestamp);
insert into stocks (product, stock, ts) values ('Газонокосилка', 0, '2021-07-24 12:06:00'::timestamp);
insert into stocks (product, stock, ts) values ('Швабра', 11, '2021-07-24 12:14:00'::timestamp);
insert into orders (order_id, product, qty, ts) values ('6185028332412299679', 'Камин', 12, '2021-07-24 12:16:31'::timestamp);
insert into orders_history (order_id, status, ts) values ('6185028332412299679', 'CREATED', '2021-07-24 12:16:31'::timestamp);
insert into stocks (product, stock, ts) values ('Камин', 0, '2021-07-24 12:17:00'::timestamp);
insert into stocks (product, stock, ts) values ('Шпатель', 15, '2021-07-24 12:28:00'::timestamp);
insert into orders (order_id, product, qty, ts) values ('6260251788662282329', 'Лампочка', 10, '2021-07-24 12:28:48'::timestamp);
insert into orders_history (order_id, status, ts) values ('6260251788662282329', 'CREATED', '2021-07-24 12:28:48'::timestamp);
insert into stocks (product, stock, ts) values ('Лампочка', 40, '2021-07-24 12:29:00'::timestamp);
insert into stocks (product, stock, ts) values ('Отвертка', 10, '2021-07-24 12:42:00'::timestamp);
insert into stocks (product, stock, ts) values ('Шпатель', 8, '2021-07-24 12:47:00'::timestamp);
insert into orders_history (order_id, status, ts) values ('6185028332412299679', 'CANCELLED', '2021-07-24 12:54:58'::timestamp);
insert into stocks (product, stock, ts) values ('Камин', 12, '2021-07-24 12:55:00'::timestamp);
insert into stocks (product, stock, ts) values ('Шпатель', 0, '2021-07-24 13:01:00'::timestamp);
insert into stocks (product, stock, ts) values ('Лампочка', 28, '2021-07-24 13:10:00'::timestamp);
insert into stocks (product, stock, ts) values ('Газонокосилка', 33, '2021-07-24 13:19:00'::timestamp);
insert into orders (order_id, product, qty, ts) values ('7226051634836043765', 'Отвертка', 9, '2021-07-24 13:29:46'::timestamp);
insert into orders_history (order_id, status, ts) values ('7226051634836043765', 'CREATED', '2021-07-24 13:29:46'::timestamp);
insert into stocks (product, stock, ts) values ('Отвертка', 1, '2021-07-24 13:30:00'::timestamp);
insert into orders_history (order_id, status, ts) values ('8388162516570580082', 'CANCELLED', '2021-07-24 13:41:31'::timestamp);
insert into stocks (product, stock, ts) values ('Шпатель', 4, '2021-07-24 13:42:00'::timestamp);
insert into stocks (product, stock, ts) values ('Люстра', 73, '2021-07-24 13:51:00'::timestamp);
insert into stocks (product, stock, ts) values ('Газонокосилка', 27, '2021-07-24 14:09:00'::timestamp);
insert into stocks (product, stock, ts) values ('Люстра', 58, '2021-07-24 14:18:00'::timestamp);
insert into stocks (product, stock, ts) values ('Газонокосилка', 26, '2021-07-24 14:33:00'::timestamp);
insert into stocks (product, stock, ts) values ('Перфоратор', 33, '2021-07-24 14:35:00'::timestamp);
insert into stocks (product, stock, ts) values ('Лампочка', 14, '2021-07-24 14:49:00'::timestamp);
insert into stocks (product, stock, ts) values ('Перфоратор', 19, '2021-07-24 15:00:00'::timestamp);
insert into stocks (product, stock, ts) values ('Перфоратор', 17, '2021-07-24 15:12:00'::timestamp);
insert into orders (order_id, product, qty, ts) values ('8361851782442761502', 'Отвертка', 1, '2021-07-24 15:24:32'::timestamp);
insert into orders_history (order_id, status, ts) values ('8361851782442761502', 'CREATED', '2021-07-24 15:24:32'::timestamp);
insert into stocks (product, stock, ts) values ('Отвертка', 0, '2021-07-24 15:25:00'::timestamp);
insert into orders_history (order_id, status, ts) values ('8361851782442761502', 'CANCELLED', '2021-07-24 15:26:54'::timestamp);
insert into stocks (product, stock, ts) values ('Отвертка', 1, '2021-07-24 15:27:00'::timestamp);
insert into orders (order_id, product, qty, ts) values ('7624925476711514852', 'Люстра', 15, '2021-07-24 15:33:50'::timestamp);
insert into orders_history (order_id, status, ts) values ('7624925476711514852', 'CREATED', '2021-07-24 15:33:50'::timestamp);
insert into stocks (product, stock, ts) values ('Люстра', 43, '2021-07-24 15:34:00'::timestamp);
insert into stocks (product, stock, ts) values ('Швабра', 8, '2021-07-24 15:36:00'::timestamp);
insert into stocks (product, stock, ts) values ('Перфоратор', 8, '2021-07-24 15:49:00'::timestamp);
insert into orders (order_id, product, qty, ts) values ('2051873559980974441', 'Перфоратор', 4, '2021-07-24 15:50:50'::timestamp);
insert into orders_history (order_id, status, ts) values ('2051873559980974441', 'CREATED', '2021-07-24 15:50:50'::timestamp);
insert into stocks (product, stock, ts) values ('Перфоратор', 4, '2021-07-24 15:51:00'::timestamp);
insert into stocks (product, stock, ts) values ('Камин', 29, '2021-07-24 16:02:00'::timestamp);
insert into stocks (product, stock, ts) values ('Камин', 28, '2021-07-24 16:08:00'::timestamp);
insert into stocks (product, stock, ts) values ('Шпатель', 76, '2021-07-24 16:18:00'::timestamp);
insert into orders (order_id, product, qty, ts) values ('6747237486872867087', 'Газонокосилка', 3, '2021-07-24 16:26:59'::timestamp);
insert into orders_history (order_id, status, ts) values ('6747237486872867087', 'CREATED', '2021-07-24 16:26:59'::timestamp);
insert into stocks (product, stock, ts) values ('Газонокосилка', 23, '2021-07-24 16:27:00'::timestamp);
insert into orders_history (order_id, status, ts) values ('6260251788662282329', 'COMPLETED', '2021-07-24 16:41:00'::timestamp);
insert into stocks (product, stock, ts) values ('Швабра', 6, '2021-07-24 16:55:00'::timestamp);
insert into stocks (product, stock, ts) values ('Лампочка', 1, '2021-07-24 16:59:00'::timestamp);
insert into stocks (product, stock, ts) values ('Отвертка', 86, '2021-07-24 17:06:00'::timestamp);
insert into stocks (product, stock, ts) values ('Шпатель', 61, '2021-07-24 17:19:00'::timestamp);
insert into orders (order_id, product, qty, ts) values ('7471125801172694935', 'Газонокосилка', 11, '2021-07-24 17:22:37'::timestamp);
insert into orders_history (order_id, status, ts) values ('7471125801172694935', 'CREATED', '2021-07-24 17:22:37'::timestamp);
insert into stocks (product, stock, ts) values ('Газонокосилка', 12, '2021-07-24 17:23:00'::timestamp);
insert into stocks (product, stock, ts) values ('Лампочка', 0, '2021-07-24 17:36:00'::timestamp);
insert into stocks (product, stock, ts) values ('Швабра', 0, '2021-07-24 17:49:00'::timestamp);
insert into stocks (product, stock, ts) values ('Отвертка', 82, '2021-07-24 18:00:00'::timestamp);
insert into orders (order_id, product, qty, ts) values ('6687096212342356909', 'Шпатель', 3, '2021-07-24 18:05:32'::timestamp);
insert into orders_history (order_id, status, ts) values ('6687096212342356909', 'CREATED', '2021-07-24 18:05:32'::timestamp);
insert into stocks (product, stock, ts) values ('Шпатель', 58, '2021-07-24 18:06:00'::timestamp);
insert into orders (order_id, product, qty, ts) values ('2300337467334057805', 'Шпатель', 13, '2021-07-24 18:08:54'::timestamp);
insert into orders_history (order_id, status, ts) values ('2300337467334057805', 'CREATED', '2021-07-24 18:08:54'::timestamp);
insert into stocks (product, stock, ts) values ('Шпатель', 45, '2021-07-24 18:09:00'::timestamp);
insert into orders (order_id, product, qty, ts) values ('1090793829264217570', 'Отвертка', 6, '2021-07-24 18:17:44'::timestamp);
insert into orders_history (order_id, status, ts) values ('1090793829264217570', 'CREATED', '2021-07-24 18:17:44'::timestamp);
insert into stocks (product, stock, ts) values ('Отвертка', 76, '2021-07-24 18:18:00'::timestamp);
insert into orders (order_id, product, qty, ts) values ('6894271439933276893', 'Шпатель', 14, '2021-07-24 18:29:30'::timestamp);
insert into orders_history (order_id, status, ts) values ('6894271439933276893', 'CREATED', '2021-07-24 18:29:30'::timestamp);
insert into stocks (product, stock, ts) values ('Шпатель', 31, '2021-07-24 18:30:00'::timestamp);
insert into orders_history (order_id, status, ts) values ('7226051634836043765', 'COMPLETED', '2021-07-24 18:41:00'::timestamp);
insert into orders (order_id, product, qty, ts) values ('4507675216090059975', 'Газонокосилка', 3, '2021-07-24 18:42:56'::timestamp);
insert into orders_history (order_id, status, ts) values ('4507675216090059975', 'CREATED', '2021-07-24 18:42:56'::timestamp);
insert into stocks (product, stock, ts) values ('Газонокосилка', 9, '2021-07-24 18:43:00'::timestamp);
insert into orders (order_id, product, qty, ts) values ('1404512812547124184', 'Отвертка', 7, '2021-07-24 18:54:43'::timestamp);
insert into orders_history (order_id, status, ts) values ('1404512812547124184', 'CREATED', '2021-07-24 18:54:43'::timestamp);
insert into stocks (product, stock, ts) values ('Отвертка', 69, '2021-07-24 18:55:00'::timestamp);
insert into stocks (product, stock, ts) values ('Газонокосилка', 50, '2021-07-24 19:06:00'::timestamp);
insert into orders (order_id, product, qty, ts) values ('5803482524397120689', 'Перфоратор', 4, '2021-07-24 19:13:57'::timestamp);
insert into orders_history (order_id, status, ts) values ('5803482524397120689', 'CREATED', '2021-07-24 19:13:57'::timestamp);
insert into stocks (product, stock, ts) values ('Перфоратор', 0, '2021-07-24 19:14:00'::timestamp);
insert into stocks (product, stock, ts) values ('Лампочка', 95, '2021-07-24 19:18:00'::timestamp);
insert into stocks (product, stock, ts) values ('Газонокосилка', 36, '2021-07-24 19:31:00'::timestamp);
insert into orders (order_id, product, qty, ts) values ('3346493832949492663', 'Камин', 2, '2021-07-24 19:40:47'::timestamp);
insert into orders_history (order_id, status, ts) values ('3346493832949492663', 'CREATED', '2021-07-24 19:40:47'::timestamp);
insert into stocks (product, stock, ts) values ('Камин', 26, '2021-07-24 19:41:00'::timestamp);
insert into orders (order_id, product, qty, ts) values ('1886463323020936131', 'Лампочка', 14, '2021-07-24 19:41:34'::timestamp);
insert into orders_history (order_id, status, ts) values ('1886463323020936131', 'CREATED', '2021-07-24 19:41:34'::timestamp);
insert into stocks (product, stock, ts) values ('Лампочка', 81, '2021-07-24 19:42:00'::timestamp);
insert into orders (order_id, product, qty, ts) values ('7623338127631078734', 'Отвертка', 7, '2021-07-24 19:55:31'::timestamp);
insert into orders_history (order_id, status, ts) values ('7623338127631078734', 'CREATED', '2021-07-24 19:55:31'::timestamp);
insert into stocks (product, stock, ts) values ('Отвертка', 62, '2021-07-24 19:56:00'::timestamp);
insert into orders (order_id, product, qty, ts) values ('8915813071485581784', 'Люстра', 1, '2021-07-24 20:03:31'::timestamp);
insert into orders_history (order_id, status, ts) values ('8915813071485581784', 'CREATED', '2021-07-24 20:03:31'::timestamp);
insert into stocks (product, stock, ts) values ('Люстра', 42, '2021-07-24 20:04:00'::timestamp);
insert into orders_history (order_id, status, ts) values ('7471125801172694935', 'CANCELLED', '2021-07-24 20:05:33'::timestamp);
insert into stocks (product, stock, ts) values ('Газонокосилка', 47, '2021-07-24 20:06:00'::timestamp);
insert into stocks (product, stock, ts) values ('Отвертка', 57, '2021-07-24 20:17:00'::timestamp);
insert into stocks (product, stock, ts) values ('Газонокосилка', 34, '2021-07-24 20:23:00'::timestamp);
insert into orders (order_id, product, qty, ts) values ('6465549916865147732', 'Газонокосилка', 11, '2021-07-24 20:32:57'::timestamp);
insert into orders_history (order_id, status, ts) values ('6465549916865147732', 'CREATED', '2021-07-24 20:32:57'::timestamp);
insert into stocks (product, stock, ts) values ('Газонокосилка', 23, '2021-07-24 20:33:00'::timestamp);
insert into stocks (product, stock, ts) values ('Газонокосилка', 20, '2021-07-24 20:47:00'::timestamp);
insert into orders (order_id, product, qty, ts) values ('7505754484611936038', 'Шпатель', 6, '2021-07-24 21:00:51'::timestamp);
insert into orders_history (order_id, status, ts) values ('7505754484611936038', 'CREATED', '2021-07-24 21:00:51'::timestamp);
insert into stocks (product, stock, ts) values ('Шпатель', 25, '2021-07-24 21:01:00'::timestamp);
insert into orders (order_id, product, qty, ts) values ('6022920159921787589', 'Камин', 11, '2021-07-24 21:11:55'::timestamp);
insert into orders_history (order_id, status, ts) values ('6022920159921787589', 'CREATED', '2021-07-24 21:11:55'::timestamp);
insert into stocks (product, stock, ts) values ('Камин', 15, '2021-07-24 21:12:00'::timestamp);
insert into stocks (product, stock, ts) values ('Отвертка', 56, '2021-07-24 21:24:00'::timestamp);
insert into orders (order_id, product, qty, ts) values ('6353119471995157985', 'Шпатель', 13, '2021-07-24 21:27:51'::timestamp);
insert into orders_history (order_id, status, ts) values ('6353119471995157985', 'CREATED', '2021-07-24 21:27:51'::timestamp);
insert into stocks (product, stock, ts) values ('Шпатель', 12, '2021-07-24 21:28:00'::timestamp);
insert into orders_history (order_id, status, ts) values ('5060684705051924356', 'COMPLETED', '2021-07-24 21:35:00'::timestamp);
insert into orders_history (order_id, status, ts) values ('8915813071485581784', 'COMPLETED', '2021-07-24 21:45:00'::timestamp);
insert into stocks (product, stock, ts) values ('Шпатель', 2, '2021-07-24 21:54:00'::timestamp);
insert into stocks (product, stock, ts) values ('Камин', 13, '2021-07-24 22:05:00'::timestamp);
insert into orders_history (order_id, status, ts) values ('6687096212342356909', 'COMPLETED', '2021-07-24 22:09:00'::timestamp);
insert into stocks (product, stock, ts) values ('Шпатель', 0, '2021-07-24 22:16:00'::timestamp);
insert into orders_history (order_id, status, ts) values ('1090793829264217570', 'COMPLETED', '2021-07-24 22:27:00'::timestamp);
insert into stocks (product, stock, ts) values ('Газонокосилка', 14, '2021-07-24 22:30:00'::timestamp);
insert into orders (order_id, product, qty, ts) values ('3291274487463693179', 'Отвертка', 13, '2021-07-24 22:40:50'::timestamp);
insert into orders_history (order_id, status, ts) values ('3291274487463693179', 'CREATED', '2021-07-24 22:40:50'::timestamp);
insert into stocks (product, stock, ts) values ('Отвертка', 43, '2021-07-24 22:41:00'::timestamp);
insert into orders_history (order_id, status, ts) values ('1886463323020936131', 'COMPLETED', '2021-07-24 22:54:00'::timestamp);
insert into stocks (product, stock, ts) values ('Шпатель', 17, '2021-07-24 22:58:00'::timestamp);
insert into orders_history (order_id, status, ts) values ('7624925476711514852', 'COMPLETED', '2021-07-24 23:02:00'::timestamp);
insert into orders_history (order_id, status, ts) values ('6747237486872867087', 'COMPLETED', '2021-07-25 09:02:00'::timestamp);
insert into orders_history (order_id, status, ts) values ('6022920159921787589', 'COMPLETED', '2021-07-25 09:14:00'::timestamp);
insert into orders_history (order_id, status, ts) values ('2051873559980974441', 'COMPLETED', '2021-07-25 09:19:00'::timestamp);
insert into orders_history (order_id, status, ts) values ('3346493832949492663', 'COMPLETED', '2021-07-25 09:28:00'::timestamp);
insert into orders_history (order_id, status, ts) values ('2300337467334057805', 'COMPLETED', '2021-07-25 09:38:00'::timestamp);
insert into orders_history (order_id, status, ts) values ('1404512812547124184', 'COMPLETED', '2021-07-25 09:50:00'::timestamp);
insert into orders_history (order_id, status, ts) values ('4507675216090059975', 'COMPLETED', '2021-07-25 09:54:00'::timestamp);
insert into orders_history (order_id, status, ts) values ('5803482524397120689', 'COMPLETED', '2021-07-25 10:01:00'::timestamp);
insert into orders_history (order_id, status, ts) values ('6894271439933276893', 'COMPLETED', '2021-07-25 10:11:00'::timestamp);
insert into orders_history (order_id, status, ts) values ('7623338127631078734', 'CANCELLED', '2021-07-25 10:16:47'::timestamp);
insert into stocks (product, stock, ts) values ('Отвертка', 50, '2021-07-25 10:17:00'::timestamp);
insert into orders_history (order_id, status, ts) values ('3291274487463693179', 'COMPLETED', '2021-07-25 10:19:00'::timestamp);
insert into orders_history (order_id, status, ts) values ('6353119471995157985', 'COMPLETED', '2021-07-25 10:20:00'::timestamp);
insert into orders_history (order_id, status, ts) values ('6465549916865147732', 'CANCELLED', '2021-07-25 10:26:42'::timestamp);
insert into stocks (product, stock, ts) values ('Газонокосилка', 25, '2021-07-25 10:27:00'::timestamp);
insert into orders_history (order_id, status, ts) values ('7505754484611936038', 'COMPLETED', '2021-07-25 10:42:00'::timestamp);
insert into orders (order_id, product, qty, ts) values ('8228936355691588613', 'Люстра', 5, '2021-07-25 10:42:41'::timestamp);
insert into orders_history (order_id, status, ts) values ('8228936355691588613', 'CREATED', '2021-07-25 10:42:41'::timestamp);
insert into stocks (product, stock, ts) values ('Люстра', 37, '2021-07-25 10:43:00'::timestamp);
insert into orders_history (order_id, status, ts) values ('8228936355691588613', 'CANCELLED', '2021-07-25 10:53:54'::timestamp);
insert into stocks (product, stock, ts) values ('Люстра', 42, '2021-07-25 10:54:00'::timestamp);
insert into orders (order_id, product, qty, ts) values ('5441864447550553753', 'Камин', 1, '2021-07-25 11:06:35'::timestamp);
insert into orders_history (order_id, status, ts) values ('5441864447550553753', 'CREATED', '2021-07-25 11:06:35'::timestamp);
insert into stocks (product, stock, ts) values ('Камин', 12, '2021-07-25 11:07:00'::timestamp);
insert into orders_history (order_id, status, ts) values ('5441864447550553753', 'CANCELLED', '2021-07-25 11:17:41'::timestamp);
insert into stocks (product, stock, ts) values ('Камин', 13, '2021-07-25 11:18:00'::timestamp);
insert into stocks (product, stock, ts) values ('Люстра', 32, '2021-07-25 11:37:00'::timestamp);
insert into orders (order_id, product, qty, ts) values ('7593986052594183640', 'Газонокосилка', 13, '2021-07-25 11:47:30'::timestamp);
insert into orders_history (order_id, status, ts) values ('7593986052594183640', 'CREATED', '2021-07-25 11:47:30'::timestamp);
insert into stocks (product, stock, ts) values ('Газонокосилка', 1, '2021-07-25 11:48:00'::timestamp);
insert into orders (order_id, product, qty, ts) values ('1961098518251461251', 'Газонокосилка', 1, '2021-07-25 11:57:44'::timestamp);
insert into orders_history (order_id, status, ts) values ('1961098518251461251', 'CREATED', '2021-07-25 11:57:44'::timestamp);
insert into stocks (product, stock, ts) values ('Газонокосилка', 0, '2021-07-25 11:58:00'::timestamp);
insert into stocks (product, stock, ts) values ('Лампочка', 74, '2021-07-25 12:04:00'::timestamp);
insert into stocks (product, stock, ts) values ('Люстра', 27, '2021-07-25 12:24:00'::timestamp);
insert into orders (order_id, product, qty, ts) values ('7959452688196074436', 'Камин', 10, '2021-07-25 12:37:53'::timestamp);
insert into orders_history (order_id, status, ts) values ('7959452688196074436', 'CREATED', '2021-07-25 12:37:53'::timestamp);
insert into stocks (product, stock, ts) values ('Камин', 2, '2021-07-25 12:38:00'::timestamp);
insert into orders (order_id, product, qty, ts) values ('8411493066817150238', 'Камин', 2, '2021-07-25 12:49:53'::timestamp);
insert into orders_history (order_id, status, ts) values ('8411493066817150238', 'CREATED', '2021-07-25 12:49:53'::timestamp);
insert into stocks (product, stock, ts) values ('Камин', 0, '2021-07-25 12:50:00'::timestamp);
insert into orders (order_id, product, qty, ts) values ('4150407689035196839', 'Лампочка', 6, '2021-07-25 12:51:55'::timestamp);
insert into orders_history (order_id, status, ts) values ('4150407689035196839', 'CREATED', '2021-07-25 12:51:55'::timestamp);
insert into stocks (product, stock, ts) values ('Лампочка', 68, '2021-07-25 12:52:00'::timestamp);
insert into orders_history (order_id, status, ts) values ('7959452688196074436', 'CANCELLED', '2021-07-25 12:54:50'::timestamp);
insert into stocks (product, stock, ts) values ('Камин', 10, '2021-07-25 12:55:00'::timestamp);
insert into stocks (product, stock, ts) values ('Лампочка', 61, '2021-07-25 13:00:00'::timestamp);
insert into orders (order_id, product, qty, ts) values ('5099357860055308527', 'Шпатель', 12, '2021-07-25 13:07:35'::timestamp);
insert into orders_history (order_id, status, ts) values ('5099357860055308527', 'CREATED', '2021-07-25 13:07:35'::timestamp);
insert into stocks (product, stock, ts) values ('Шпатель', 5, '2021-07-25 13:08:00'::timestamp);
insert into orders (order_id, product, qty, ts) values ('8763650856121930165', 'Отвертка', 8, '2021-07-25 13:22:32'::timestamp);
insert into orders_history (order_id, status, ts) values ('8763650856121930165', 'CREATED', '2021-07-25 13:22:32'::timestamp);
insert into stocks (product, stock, ts) values ('Отвертка', 35, '2021-07-25 13:23:00'::timestamp);
insert into stocks (product, stock, ts) values ('Люстра', 24, '2021-07-25 13:38:00'::timestamp);
insert into stocks (product, stock, ts) values ('Отвертка', 23, '2021-07-25 13:50:00'::timestamp);
insert into stocks (product, stock, ts) values ('Шпатель', 2, '2021-07-25 13:51:00'::timestamp);
insert into orders (order_id, product, qty, ts) values ('2263036593951388580', 'Отвертка', 13, '2021-07-25 13:57:48'::timestamp);
insert into orders_history (order_id, status, ts) values ('2263036593951388580', 'CREATED', '2021-07-25 13:57:48'::timestamp);
insert into stocks (product, stock, ts) values ('Отвертка', 10, '2021-07-25 13:58:00'::timestamp);
insert into stocks (product, stock, ts) values ('Лампочка', 53, '2021-07-25 14:08:00'::timestamp);
insert into stocks (product, stock, ts) values ('Шпатель', 0, '2021-07-25 14:22:00'::timestamp);
insert into orders_history (order_id, status, ts) values ('7593986052594183640', 'CANCELLED', '2021-07-25 14:27:35'::timestamp);
insert into stocks (product, stock, ts) values ('Газонокосилка', 13, '2021-07-25 14:28:00'::timestamp);
insert into stocks (product, stock, ts) values ('Швабра', 74, '2021-07-25 14:37:00'::timestamp);
insert into orders_history (order_id, status, ts) values ('2263036593951388580', 'CANCELLED', '2021-07-25 14:37:48'::timestamp);
insert into stocks (product, stock, ts) values ('Отвертка', 23, '2021-07-25 14:38:00'::timestamp);
insert into orders_history (order_id, status, ts) values ('5099357860055308527', 'CANCELLED', '2021-07-25 14:46:33'::timestamp);
insert into stocks (product, stock, ts) values ('Шпатель', 12, '2021-07-25 14:47:00'::timestamp);
insert into orders (order_id, product, qty, ts) values ('8942034551520407956', 'Отвертка', 5, '2021-07-25 15:01:37'::timestamp);
insert into orders_history (order_id, status, ts) values ('8942034551520407956', 'CREATED', '2021-07-25 15:01:37'::timestamp);
insert into stocks (product, stock, ts) values ('Отвертка', 5, '2021-07-25 15:02:00'::timestamp);
insert into orders_history (order_id, status, ts) values ('8411493066817150238', 'CANCELLED', '2021-07-25 15:15:41'::timestamp);
insert into stocks (product, stock, ts) values ('Камин', 2, '2021-07-25 15:16:00'::timestamp);
insert into stocks (product, stock, ts) values ('Швабра', 64, '2021-07-25 15:21:00'::timestamp);
insert into stocks (product, stock, ts) values ('Люстра', 22, '2021-07-25 15:25:00'::timestamp);
insert into stocks (product, stock, ts) values ('Отвертка', 2, '2021-07-25 15:31:00'::timestamp);
insert into stocks (product, stock, ts) values ('Швабра', 78, '2021-07-25 15:40:00'::timestamp);
insert into stocks (product, stock, ts) values ('Лампочка', 48, '2021-07-25 15:48:00'::timestamp);
insert into orders (order_id, product, qty, ts) values ('8604546313795250613', 'Лампочка', 2, '2021-07-25 15:51:44'::timestamp);
insert into orders_history (order_id, status, ts) values ('8604546313795250613', 'CREATED', '2021-07-25 15:51:44'::timestamp);
insert into stocks (product, stock, ts) values ('Лампочка', 46, '2021-07-25 15:52:00'::timestamp);
insert into orders_history (order_id, status, ts) values ('8763650856121930165', 'CANCELLED', '2021-07-25 15:56:50'::timestamp);
insert into stocks (product, stock, ts) values ('Отвертка', 10, '2021-07-25 15:57:00'::timestamp);
insert into orders (order_id, product, qty, ts) values ('2954662174097506312', 'Лампочка', 4, '2021-07-25 16:06:54'::timestamp);
insert into orders_history (order_id, status, ts) values ('2954662174097506312', 'CREATED', '2021-07-25 16:06:54'::timestamp);
insert into stocks (product, stock, ts) values ('Лампочка', 42, '2021-07-25 16:07:00'::timestamp);
insert into orders (order_id, product, qty, ts) values ('4417208607653930605', 'Люстра', 13, '2021-07-25 16:19:37'::timestamp);
insert into orders_history (order_id, status, ts) values ('4417208607653930605', 'CREATED', '2021-07-25 16:19:37'::timestamp);
insert into stocks (product, stock, ts) values ('Люстра', 9, '2021-07-25 16:20:00'::timestamp);
insert into stocks (product, stock, ts) values ('Газонокосилка', 61, '2021-07-25 16:42:00'::timestamp);
insert into orders_history (order_id, status, ts) values ('4150407689035196839', 'COMPLETED', '2021-07-25 16:54:00'::timestamp);
insert into stocks (product, stock, ts) values ('Лампочка', 41, '2021-07-25 17:00:00'::timestamp);
insert into orders_history (order_id, status, ts) values ('2954662174097506312', 'COMPLETED', '2021-07-25 17:30:00'::timestamp);
insert into stocks (product, stock, ts) values ('Лампочка', 39, '2021-07-25 17:38:00'::timestamp);
insert into orders_history (order_id, status, ts) values ('4417208607653930605', 'COMPLETED', '2021-07-25 17:51:00'::timestamp);
insert into stocks (product, stock, ts) values ('Люстра', 0, '2021-07-25 17:53:00'::timestamp);
insert into stocks (product, stock, ts) values ('Камин', 73, '2021-07-25 18:00:00'::timestamp);
insert into stocks (product, stock, ts) values ('Швабра', 64, '2021-07-25 18:16:00'::timestamp);
insert into stocks (product, stock, ts) values ('Отвертка', 0, '2021-07-25 18:24:00'::timestamp);
insert into orders (order_id, product, qty, ts) values ('604138670087423929', 'Швабра', 1, '2021-07-25 18:29:55'::timestamp);
insert into orders_history (order_id, status, ts) values ('604138670087423929', 'CREATED', '2021-07-25 18:29:55'::timestamp);
insert into stocks (product, stock, ts) values ('Швабра', 63, '2021-07-25 18:30:00'::timestamp);
insert into stocks (product, stock, ts) values ('Люстра', 60, '2021-07-25 18:34:00'::timestamp);
insert into stocks (product, stock, ts) values ('Лампочка', 91, '2021-07-25 18:38:00'::timestamp);
insert into orders_history (order_id, status, ts) values ('1961098518251461251', 'CANCELLED', '2021-07-25 18:43:44'::timestamp);
insert into stocks (product, stock, ts) values ('Газонокосилка', 62, '2021-07-25 18:44:00'::timestamp);
insert into stocks (product, stock, ts) values ('Лампочка', 89, '2021-07-25 19:13:00'::timestamp);
insert into stocks (product, stock, ts) values ('Отвертка', 91, '2021-07-25 19:21:00'::timestamp);
insert into stocks (product, stock, ts) values ('Швабра', 59, '2021-07-25 19:24:00'::timestamp);
insert into stocks (product, stock, ts) values ('Люстра', 51, '2021-07-25 19:32:00'::timestamp);
insert into orders (order_id, product, qty, ts) values ('8699823950328029341', 'Швабра', 4, '2021-07-25 19:41:33'::timestamp);
insert into orders_history (order_id, status, ts) values ('8699823950328029341', 'CREATED', '2021-07-25 19:41:33'::timestamp);
insert into stocks (product, stock, ts) values ('Швабра', 55, '2021-07-25 19:42:00'::timestamp);
insert into stocks (product, stock, ts) values ('Газонокосилка', 50, '2021-07-25 19:46:00'::timestamp);
insert into stocks (product, stock, ts) values ('Отвертка', 85, '2021-07-25 20:00:00'::timestamp);
insert into orders_history (order_id, status, ts) values ('604138670087423929', 'COMPLETED', '2021-07-25 20:14:00'::timestamp);
insert into orders (order_id, product, qty, ts) values ('1178594812733841285', 'Отвертка', 8, '2021-07-25 20:18:00'::timestamp);
insert into orders_history (order_id, status, ts) values ('1178594812733841285', 'CREATED', '2021-07-25 20:18:00'::timestamp);
insert into stocks (product, stock, ts) values ('Отвертка', 77, '2021-07-25 20:18:00'::timestamp);
insert into orders (order_id, product, qty, ts) values ('6671205368491368013', 'Швабра', 4, '2021-07-25 20:27:30'::timestamp);
insert into orders_history (order_id, status, ts) values ('6671205368491368013', 'CREATED', '2021-07-25 20:27:30'::timestamp);
insert into stocks (product, stock, ts) values ('Швабра', 51, '2021-07-25 20:28:00'::timestamp);
insert into stocks (product, stock, ts) values ('Газонокосилка', 36, '2021-07-25 20:35:00'::timestamp);
insert into orders_history (order_id, status, ts) values ('8942034551520407956', 'COMPLETED', '2021-07-25 20:46:00'::timestamp);
insert into stocks (product, stock, ts) values ('Люстра', 65, '2021-07-25 20:58:00'::timestamp);
insert into stocks (product, stock, ts) values ('Отвертка', 72, '2021-07-25 21:03:00'::timestamp);
insert into stocks (product, stock, ts) values ('Люстра', 58, '2021-07-25 21:10:00'::timestamp);
insert into orders_history (order_id, status, ts) values ('8699823950328029341', 'CANCELLED', '2021-07-25 21:29:43'::timestamp);
insert into stocks (product, stock, ts) values ('Швабра', 55, '2021-07-25 21:30:00'::timestamp);
insert into stocks (product, stock, ts) values ('Люстра', 51, '2021-07-25 21:40:00'::timestamp);
insert into orders (order_id, product, qty, ts) values ('5956876070654102366', 'Люстра', 15, '2021-07-25 21:47:52'::timestamp);
insert into orders_history (order_id, status, ts) values ('5956876070654102366', 'CREATED', '2021-07-25 21:47:52'::timestamp);
insert into stocks (product, stock, ts) values ('Люстра', 36, '2021-07-25 21:48:00'::timestamp);
insert into stocks (product, stock, ts) values ('Швабра', 50, '2021-07-25 22:00:00'::timestamp);