
create table products (
    product text,
    price numeric,
    constraint pk_products primary key (product)
);

create table stocks (
    product text,
    stock numeric,
    ts timestamp,
    constraint pk_stocks primary key (product, ts)
);

create table orders (
    order_id text,
    product text,
    qty numeric,
    ts timestamp,
    constraint pk_orders primary key (order_id)
);

create table orders_history (
    order_id text,
    status text,
    ts timestamp,
    constraint pk_orders_history primary key (order_id, ts)
);

insert into products (product, price) values ('Люстра', 2000);
insert into stocks (product, stock, ts) values ('Люстра', 22, '2021-07-19 08:00:00'::timestamp);
insert into products (product, price) values ('Лампочка', 200);
insert into stocks (product, stock, ts) values ('Лампочка', 28, '2021-07-19 08:00:00'::timestamp);
insert into products (product, price) values ('Газонокосилка', 18000);
insert into stocks (product, stock, ts) values ('Газонокосилка', 35, '2021-07-19 08:00:00'::timestamp);
insert into products (product, price) values ('Камин', 20000);
insert into stocks (product, stock, ts) values ('Камин', 9, '2021-07-19 08:00:00'::timestamp);
insert into products (product, price) values ('Перфоратор', 7000);
insert into stocks (product, stock, ts) values ('Перфоратор', 51, '2021-07-19 08:00:00'::timestamp);
insert into products (product, price) values ('Отвертка', 250);
insert into stocks (product, stock, ts) values ('Отвертка', 61, '2021-07-19 08:00:00'::timestamp);
insert into products (product, price) values ('Шпатель', 300);
insert into stocks (product, stock, ts) values ('Шпатель', 57, '2021-07-19 08:00:00'::timestamp);
insert into products (product, price) values ('Швабра', 1500);
insert into stocks (product, stock, ts) values ('Швабра', 81, '2021-07-19 08:00:00'::timestamp);
insert into orders (order_id, product, qty, ts) values ('4661979609350568615', 'Швабра', 9, '2021-07-19 08:09:50'::timestamp);
insert into orders_history (order_id, status, ts) values ('4661979609350568615', 'CREATED', '2021-07-19 08:09:50'::timestamp);
insert into stocks (product, stock, ts) values ('Швабра', 72, '2021-07-19 08:10:00'::timestamp);
insert into orders (order_id, product, qty, ts) values ('4344601372733060596', 'Лампочка', 9, '2021-07-19 08:13:55'::timestamp);
insert into orders_history (order_id, status, ts) values ('4344601372733060596', 'CREATED', '2021-07-19 08:13:55'::timestamp);
insert into stocks (product, stock, ts) values ('Лампочка', 19, '2021-07-19 08:14:00'::timestamp);
insert into stocks (product, stock, ts) values ('Камин', 0, '2021-07-19 08:15:00'::timestamp);
insert into orders (order_id, product, qty, ts) values ('2845969150420209465', 'Перфоратор', 13, '2021-07-19 08:27:53'::timestamp);
insert into orders_history (order_id, status, ts) values ('2845969150420209465', 'CREATED', '2021-07-19 08:27:53'::timestamp);
insert into stocks (product, stock, ts) values ('Перфоратор', 38, '2021-07-19 08:28:00'::timestamp);
insert into stocks (product, stock, ts) values ('Шпатель', 52, '2021-07-19 08:31:00'::timestamp);
insert into stocks (product, stock, ts) values ('Отвертка', 51, '2021-07-19 08:34:00'::timestamp);
insert into stocks (product, stock, ts) values ('Люстра', 7, '2021-07-19 08:43:00'::timestamp);
insert into orders (order_id, product, qty, ts) values ('3222423561709223582', 'Люстра', 7, '2021-07-19 08:54:46'::timestamp);
insert into orders_history (order_id, status, ts) values ('3222423561709223582', 'CREATED', '2021-07-19 08:54:46'::timestamp);
insert into stocks (product, stock, ts) values ('Люстра', 0, '2021-07-19 08:55:00'::timestamp);
insert into orders_history (order_id, status, ts) values ('4661979609350568615', 'CANCELLED', '2021-07-19 09:03:55'::timestamp);
insert into stocks (product, stock, ts) values ('Швабра', 81, '2021-07-19 09:04:00'::timestamp);
insert into stocks (product, stock, ts) values ('Газонокосилка', 21, '2021-07-19 09:12:00'::timestamp);
insert into orders (order_id, product, qty, ts) values ('7580624449370593646', 'Швабра', 6, '2021-07-19 09:24:00'::timestamp);
insert into orders_history (order_id, status, ts) values ('7580624449370593646', 'CREATED', '2021-07-19 09:24:00'::timestamp);
insert into stocks (product, stock, ts) values ('Швабра', 66, '2021-07-19 09:24:00'::timestamp);
insert into stocks (product, stock, ts) values ('Швабра', 62, '2021-07-19 09:35:00'::timestamp);
insert into orders_history (order_id, status, ts) values ('3222423561709223582', 'CANCELLED', '2021-07-19 09:41:44'::timestamp);
insert into stocks (product, stock, ts) values ('Люстра', 7, '2021-07-19 09:42:00'::timestamp);
insert into stocks (product, stock, ts) values ('Газонокосилка', 11, '2021-07-19 09:43:00'::timestamp);
insert into orders (order_id, product, qty, ts) values ('7060751751014509994', 'Шпатель', 2, '2021-07-19 09:44:45'::timestamp);
insert into orders_history (order_id, status, ts) values ('7060751751014509994', 'CREATED', '2021-07-19 09:44:45'::timestamp);
insert into stocks (product, stock, ts) values ('Шпатель', 50, '2021-07-19 09:45:00'::timestamp);
insert into stocks (product, stock, ts) values ('Лампочка', 68, '2021-07-19 09:59:00'::timestamp);
insert into stocks (product, stock, ts) values ('Швабра', 51, '2021-07-19 10:01:00'::timestamp);
insert into orders (order_id, product, qty, ts) values ('3444201413773888417', 'Швабра', 1, '2021-07-19 10:08:44'::timestamp);
insert into orders_history (order_id, status, ts) values ('3444201413773888417', 'CREATED', '2021-07-19 10:08:44'::timestamp);
insert into stocks (product, stock, ts) values ('Швабра', 50, '2021-07-19 10:09:00'::timestamp);
insert into orders_history (order_id, status, ts) values ('4344601372733060596', 'COMPLETED', '2021-07-19 10:34:00'::timestamp);
insert into stocks (product, stock, ts) values ('Шпатель', 108, '2021-07-19 10:41:00'::timestamp);
insert into stocks (product, stock, ts) values ('Газонокосилка', 0, '2021-07-19 10:44:00'::timestamp);
insert into orders (order_id, product, qty, ts) values ('7077585840382315208', 'Швабра', 6, '2021-07-19 10:49:55'::timestamp);
insert into orders_history (order_id, status, ts) values ('7077585840382315208', 'CREATED', '2021-07-19 10:49:55'::timestamp);
insert into stocks (product, stock, ts) values ('Швабра', 44, '2021-07-19 10:50:00'::timestamp);
insert into orders (order_id, product, qty, ts) values ('3564770073391738342', 'Шпатель', 7, '2021-07-19 11:02:38'::timestamp);
insert into orders_history (order_id, status, ts) values ('3564770073391738342', 'CREATED', '2021-07-19 11:02:38'::timestamp);
insert into stocks (product, stock, ts) values ('Шпатель', 101, '2021-07-19 11:03:00'::timestamp);
insert into orders (order_id, product, qty, ts) values ('5575717039001773755', 'Отвертка', 4, '2021-07-19 11:16:48'::timestamp);
insert into orders_history (order_id, status, ts) values ('5575717039001773755', 'CREATED', '2021-07-19 11:16:48'::timestamp);
insert into stocks (product, stock, ts) values ('Отвертка', 47, '2021-07-19 11:17:00'::timestamp);
insert into orders_history (order_id, status, ts) values ('5575717039001773755', 'CANCELLED', '2021-07-19 11:35:44'::timestamp);
insert into stocks (product, stock, ts) values ('Отвертка', 51, '2021-07-19 11:36:00'::timestamp);
insert into stocks (product, stock, ts) values ('Лампочка', 96, '2021-07-19 11:47:00'::timestamp);
insert into orders_history (order_id, status, ts) values ('2845969150420209465', 'COMPLETED', '2021-07-19 11:52:00'::timestamp);
insert into stocks (product, stock, ts) values ('Швабра', 36, '2021-07-19 12:05:00'::timestamp);
insert into stocks (product, stock, ts) values ('Камин', 54, '2021-07-19 12:13:00'::timestamp);
insert into stocks (product, stock, ts) values ('Отвертка', 45, '2021-07-19 12:22:00'::timestamp);
insert into stocks (product, stock, ts) values ('Газонокосилка', 12, '2021-07-19 12:32:00'::timestamp);
insert into orders_history (order_id, status, ts) values ('7060751751014509994', 'COMPLETED', '2021-07-19 12:46:00'::timestamp);
insert into stocks (product, stock, ts) values ('Люстра', 21, '2021-07-19 13:01:00'::timestamp);
insert into orders_history (order_id, status, ts) values ('7580624449370593646', 'CANCELLED', '2021-07-19 13:14:36'::timestamp);
insert into stocks (product, stock, ts) values ('Швабра', 42, '2021-07-19 13:15:00'::timestamp);
insert into orders (order_id, product, qty, ts) values ('421553013531256076', 'Лампочка', 6, '2021-07-19 13:23:34'::timestamp);
insert into orders_history (order_id, status, ts) values ('421553013531256076', 'CREATED', '2021-07-19 13:23:34'::timestamp);
insert into stocks (product, stock, ts) values ('Лампочка', 90, '2021-07-19 13:24:00'::timestamp);
insert into stocks (product, stock, ts) values ('Швабра', 34, '2021-07-19 13:37:00'::timestamp);
insert into orders (order_id, product, qty, ts) values ('9083573213006275642', 'Шпатель', 10, '2021-07-19 13:39:45'::timestamp);
insert into orders_history (order_id, status, ts) values ('9083573213006275642', 'CREATED', '2021-07-19 13:39:45'::timestamp);
insert into stocks (product, stock, ts) values ('Шпатель', 91, '2021-07-19 13:40:00'::timestamp);
insert into orders (order_id, product, qty, ts) values ('9089024839595379525', 'Газонокосилка', 4, '2021-07-19 13:44:34'::timestamp);
insert into orders_history (order_id, status, ts) values ('9089024839595379525', 'CREATED', '2021-07-19 13:44:34'::timestamp);
insert into stocks (product, stock, ts) values ('Газонокосилка', 8, '2021-07-19 13:45:00'::timestamp);
insert into orders_history (order_id, status, ts) values ('7077585840382315208', 'COMPLETED', '2021-07-19 13:51:00'::timestamp);
insert into stocks (product, stock, ts) values ('Лампочка', 147, '2021-07-19 14:01:00'::timestamp);
insert into orders (order_id, product, qty, ts) values ('7309104899726111131', 'Перфоратор', 2, '2021-07-19 14:02:43'::timestamp);
insert into orders_history (order_id, status, ts) values ('7309104899726111131', 'CREATED', '2021-07-19 14:02:43'::timestamp);
insert into stocks (product, stock, ts) values ('Перфоратор', 36, '2021-07-19 14:03:00'::timestamp);
insert into orders_history (order_id, status, ts) values ('3444201413773888417', 'CANCELLED', '2021-07-19 14:13:37'::timestamp);
insert into stocks (product, stock, ts) values ('Швабра', 35, '2021-07-19 14:14:00'::timestamp);
insert into orders (order_id, product, qty, ts) values ('9156681143975177229', 'Перфоратор', 10, '2021-07-19 14:19:46'::timestamp);
insert into orders_history (order_id, status, ts) values ('9156681143975177229', 'CREATED', '2021-07-19 14:19:46'::timestamp);
insert into stocks (product, stock, ts) values ('Перфоратор', 26, '2021-07-19 14:20:00'::timestamp);
insert into orders_history (order_id, status, ts) values ('421553013531256076', 'CANCELLED', '2021-07-19 14:20:55'::timestamp);
insert into stocks (product, stock, ts) values ('Лампочка', 153, '2021-07-19 14:21:00'::timestamp);
insert into stocks (product, stock, ts) values ('Швабра', 27, '2021-07-19 14:31:00'::timestamp);
insert into stocks (product, stock, ts) values ('Лампочка', 132, '2021-07-19 14:45:00'::timestamp);
insert into orders (order_id, product, qty, ts) values ('2534282308440223477', 'Шпатель', 13, '2021-07-19 14:47:48'::timestamp);
insert into orders_history (order_id, status, ts) values ('2534282308440223477', 'CREATED', '2021-07-19 14:47:48'::timestamp);
insert into stocks (product, stock, ts) values ('Шпатель', 78, '2021-07-19 14:48:00'::timestamp);
insert into stocks (product, stock, ts) values ('Камин', 39, '2021-07-19 14:58:00'::timestamp);
insert into stocks (product, stock, ts) values ('Люстра', 8, '2021-07-19 15:09:00'::timestamp);
insert into stocks (product, stock, ts) values ('Газонокосилка', 0, '2021-07-19 15:12:00'::timestamp);
insert into stocks (product, stock, ts) values ('Перфоратор', 20, '2021-07-19 15:27:00'::timestamp);
insert into orders_history (order_id, status, ts) values ('9156681143975177229', 'CANCELLED', '2021-07-19 15:32:58'::timestamp);
insert into stocks (product, stock, ts) values ('Перфоратор', 30, '2021-07-19 15:33:00'::timestamp);
insert into orders (order_id, product, qty, ts) values ('5271219935273022264', 'Лампочка', 11, '2021-07-19 15:43:33'::timestamp);
insert into orders_history (order_id, status, ts) values ('5271219935273022264', 'CREATED', '2021-07-19 15:43:33'::timestamp);
insert into stocks (product, stock, ts) values ('Лампочка', 121, '2021-07-19 15:44:00'::timestamp);
insert into orders (order_id, product, qty, ts) values ('6882788173462754538', 'Люстра', 6, '2021-07-19 15:54:37'::timestamp);
insert into orders_history (order_id, status, ts) values ('6882788173462754538', 'CREATED', '2021-07-19 15:54:37'::timestamp);
insert into stocks (product, stock, ts) values ('Люстра', 2, '2021-07-19 15:55:00'::timestamp);
insert into orders_history (order_id, status, ts) values ('9089024839595379525', 'CANCELLED', '2021-07-19 16:05:32'::timestamp);
insert into stocks (product, stock, ts) values ('Газонокосилка', 4, '2021-07-19 16:06:00'::timestamp);
insert into orders_history (order_id, status, ts) values ('7309104899726111131', 'CANCELLED', '2021-07-19 16:09:44'::timestamp);
insert into stocks (product, stock, ts) values ('Перфоратор', 22, '2021-07-19 16:10:00'::timestamp);
insert into orders_history (order_id, status, ts) values ('3564770073391738342', 'COMPLETED', '2021-07-19 16:16:00'::timestamp);
insert into stocks (product, stock, ts) values ('Люстра', 0, '2021-07-19 16:31:00'::timestamp);
insert into stocks (product, stock, ts) values ('Швабра', 22, '2021-07-19 16:42:00'::timestamp);
insert into stocks (product, stock, ts) values ('Газонокосилка', 75, '2021-07-19 16:52:00'::timestamp);
insert into orders (order_id, product, qty, ts) values ('5778365894065861451', 'Шпатель', 2, '2021-07-19 17:00:57'::timestamp);
insert into orders_history (order_id, status, ts) values ('5778365894065861451', 'CREATED', '2021-07-19 17:00:57'::timestamp);
insert into stocks (product, stock, ts) values ('Шпатель', 76, '2021-07-19 17:01:00'::timestamp);
insert into stocks (product, stock, ts) values ('Швабра', 19, '2021-07-19 17:12:00'::timestamp);
insert into orders_history (order_id, status, ts) values ('5271219935273022264', 'COMPLETED', '2021-07-19 17:25:00'::timestamp);
insert into stocks (product, stock, ts) values ('Газонокосилка', 73, '2021-07-19 17:35:00'::timestamp);
insert into orders_history (order_id, status, ts) values ('9083573213006275642', 'COMPLETED', '2021-07-19 17:49:00'::timestamp);
insert into orders (order_id, product, qty, ts) values ('3668214812305820084', 'Камин', 14, '2021-07-19 17:53:35'::timestamp);
insert into orders_history (order_id, status, ts) values ('3668214812305820084', 'CREATED', '2021-07-19 17:53:35'::timestamp);
insert into stocks (product, stock, ts) values ('Камин', 25, '2021-07-19 17:54:00'::timestamp);
insert into stocks (product, stock, ts) values ('Газонокосилка', 59, '2021-07-19 18:09:00'::timestamp);
insert into stocks (product, stock, ts) values ('Перфоратор', 13, '2021-07-19 18:17:00'::timestamp);
insert into orders_history (order_id, status, ts) values ('6882788173462754538', 'CANCELLED', '2021-07-19 18:19:36'::timestamp);
insert into stocks (product, stock, ts) values ('Люстра', 6, '2021-07-19 18:20:00'::timestamp);
insert into stocks (product, stock, ts) values ('Шпатель', 69, '2021-07-19 18:32:00'::timestamp);
insert into stocks (product, stock, ts) values ('Камин', 18, '2021-07-19 18:34:00'::timestamp);
insert into orders (order_id, product, qty, ts) values ('626322875363694468', 'Швабра', 1, '2021-07-19 18:37:00'::timestamp);
insert into orders_history (order_id, status, ts) values ('626322875363694468', 'CREATED', '2021-07-19 18:37:00'::timestamp);
insert into stocks (product, stock, ts) values ('Швабра', 18, '2021-07-19 18:37:00'::timestamp);
insert into stocks (product, stock, ts) values ('Шпатель', 66, '2021-07-19 18:50:00'::timestamp);
insert into orders_history (order_id, status, ts) values ('2534282308440223477', 'COMPLETED', '2021-07-19 19:02:00'::timestamp);
insert into orders_history (order_id, status, ts) values ('626322875363694468', 'CANCELLED', '2021-07-19 19:07:49'::timestamp);
insert into stocks (product, stock, ts) values ('Швабра', 19, '2021-07-19 19:08:00'::timestamp);
insert into orders_history (order_id, status, ts) values ('5778365894065861451', 'CANCELLED', '2021-07-19 19:18:47'::timestamp);
insert into stocks (product, stock, ts) values ('Шпатель', 68, '2021-07-19 19:19:00'::timestamp);
insert into stocks (product, stock, ts) values ('Отвертка', 73, '2021-07-19 19:20:00'::timestamp);
insert into orders_history (order_id, status, ts) values ('3668214812305820084', 'CANCELLED', '2021-07-19 19:32:57'::timestamp);
insert into stocks (product, stock, ts) values ('Камин', 32, '2021-07-19 19:33:00'::timestamp);
insert into orders (order_id, product, qty, ts) values ('3983324741236225613', 'Отвертка', 14, '2021-07-19 19:37:58'::timestamp);
insert into orders_history (order_id, status, ts) values ('3983324741236225613', 'CREATED', '2021-07-19 19:37:58'::timestamp);
insert into stocks (product, stock, ts) values ('Отвертка', 59, '2021-07-19 19:38:00'::timestamp);
insert into orders (order_id, product, qty, ts) values ('9205985506387902302', 'Отвертка', 6, '2021-07-19 19:39:34'::timestamp);
insert into orders_history (order_id, status, ts) values ('9205985506387902302', 'CREATED', '2021-07-19 19:39:34'::timestamp);
insert into stocks (product, stock, ts) values ('Отвертка', 53, '2021-07-19 19:40:00'::timestamp);
insert into stocks (product, stock, ts) values ('Шпатель', 52, '2021-07-19 19:50:00'::timestamp);
insert into stocks (product, stock, ts) values ('Перфоратор', 9, '2021-07-19 19:52:00'::timestamp);
insert into stocks (product, stock, ts) values ('Газонокосилка', 52, '2021-07-19 20:05:00'::timestamp);
insert into orders (order_id, product, qty, ts) values ('7665418061319646710', 'Отвертка', 15, '2021-07-19 20:09:42'::timestamp);
insert into orders_history (order_id, status, ts) values ('7665418061319646710', 'CREATED', '2021-07-19 20:09:42'::timestamp);
insert into stocks (product, stock, ts) values ('Отвертка', 38, '2021-07-19 20:10:00'::timestamp);
insert into stocks (product, stock, ts) values ('Перфоратор', 66, '2021-07-19 20:18:00'::timestamp);
insert into orders (order_id, product, qty, ts) values ('3968817856108346507', 'Швабра', 3, '2021-07-19 20:19:48'::timestamp);
insert into orders_history (order_id, status, ts) values ('3968817856108346507', 'CREATED', '2021-07-19 20:19:48'::timestamp);
insert into stocks (product, stock, ts) values ('Швабра', 15, '2021-07-19 20:20:00'::timestamp);
insert into stocks (product, stock, ts) values ('Лампочка', 111, '2021-07-19 20:23:00'::timestamp);
insert into orders (order_id, product, qty, ts) values ('753063452336105954', 'Шпатель', 12, '2021-07-19 20:33:58'::timestamp);
insert into orders_history (order_id, status, ts) values ('753063452336105954', 'CREATED', '2021-07-19 20:33:58'::timestamp);
insert into stocks (product, stock, ts) values ('Шпатель', 40, '2021-07-19 20:34:00'::timestamp);
insert into orders (order_id, product, qty, ts) values ('6608521890955369600', 'Шпатель', 7, '2021-07-19 20:41:52'::timestamp);
insert into orders_history (order_id, status, ts) values ('6608521890955369600', 'CREATED', '2021-07-19 20:41:52'::timestamp);
insert into stocks (product, stock, ts) values ('Шпатель', 33, '2021-07-19 20:42:00'::timestamp);
insert into stocks (product, stock, ts) values ('Шпатель', 21, '2021-07-19 20:46:00'::timestamp);
insert into orders (order_id, product, qty, ts) values ('8597045971529451047', 'Швабра', 8, '2021-07-19 20:58:39'::timestamp);
insert into orders_history (order_id, status, ts) values ('8597045971529451047', 'CREATED', '2021-07-19 20:58:39'::timestamp);
insert into stocks (product, stock, ts) values ('Швабра', 7, '2021-07-19 20:59:00'::timestamp);
insert into stocks (product, stock, ts) values ('Отвертка', 34, '2021-07-19 21:11:00'::timestamp);
insert into stocks (product, stock, ts) values ('Газонокосилка', 43, '2021-07-19 21:15:00'::timestamp);
insert into stocks (product, stock, ts) values ('Лампочка', 108, '2021-07-19 21:21:00'::timestamp);
insert into orders_history (order_id, status, ts) values ('3968817856108346507', 'COMPLETED', '2021-07-19 21:40:00'::timestamp);
insert into stocks (product, stock, ts) values ('Отвертка', 24, '2021-07-19 21:43:00'::timestamp);
insert into stocks (product, stock, ts) values ('Камин', 13, '2021-07-19 21:54:00'::timestamp);
insert into orders (order_id, product, qty, ts) values ('7377916871787285088', 'Газонокосилка', 12, '2021-07-19 22:02:47'::timestamp);
insert into orders_history (order_id, status, ts) values ('7377916871787285088', 'CREATED', '2021-07-19 22:02:47'::timestamp);
insert into stocks (product, stock, ts) values ('Газонокосилка', 31, '2021-07-19 22:03:00'::timestamp);
insert into stocks (product, stock, ts) values ('Газонокосилка', 92, '2021-07-19 22:29:00'::timestamp);
insert into orders (order_id, product, qty, ts) values ('7367033892749751889', 'Перфоратор', 3, '2021-07-19 22:41:55'::timestamp);
insert into orders_history (order_id, status, ts) values ('7367033892749751889', 'CREATED', '2021-07-19 22:41:55'::timestamp);
insert into stocks (product, stock, ts) values ('Перфоратор', 63, '2021-07-19 22:42:00'::timestamp);
insert into stocks (product, stock, ts) values ('Лампочка', 203, '2021-07-19 22:54:00'::timestamp);
insert into orders_history (order_id, status, ts) values ('9205985506387902302', 'COMPLETED', '2021-07-19 23:08:00'::timestamp);
insert into orders_history (order_id, status, ts) values ('7377916871787285088', 'COMPLETED', '2021-07-20 09:08:00'::timestamp);
insert into orders_history (order_id, status, ts) values ('6608521890955369600', 'COMPLETED', '2021-07-20 09:16:00'::timestamp);
insert into orders_history (order_id, status, ts) values ('8597045971529451047', 'COMPLETED', '2021-07-20 09:21:00'::timestamp);
insert into orders_history (order_id, status, ts) values ('7665418061319646710', 'CANCELLED', '2021-07-20 09:27:56'::timestamp);
insert into stocks (product, stock, ts) values ('Отвертка', 39, '2021-07-20 09:28:00'::timestamp);
insert into stocks (product, stock, ts) values ('Перфоратор', 59, '2021-07-20 09:40:00'::timestamp);
insert into orders_history (order_id, status, ts) values ('7367033892749751889', 'COMPLETED', '2021-07-20 09:50:00'::timestamp);
insert into stocks (product, stock, ts) values ('Лампочка', 189, '2021-07-20 10:01:00'::timestamp);
insert into stocks (product, stock, ts) values ('Газонокосилка', 81, '2021-07-20 10:10:00'::timestamp);
insert into stocks (product, stock, ts) values ('Отвертка', 86, '2021-07-20 10:11:00'::timestamp);
insert into stocks (product, stock, ts) values ('Лампочка', 184, '2021-07-20 10:26:00'::timestamp);
insert into stocks (product, stock, ts) values ('Швабра', 5, '2021-07-20 10:30:00'::timestamp);
insert into orders (order_id, product, qty, ts) values ('4996046004648459723', 'Лампочка', 4, '2021-07-20 10:44:34'::timestamp);
insert into orders_history (order_id, status, ts) values ('4996046004648459723', 'CREATED', '2021-07-20 10:44:34'::timestamp);
insert into stocks (product, stock, ts) values ('Лампочка', 180, '2021-07-20 10:45:00'::timestamp);
insert into orders_history (order_id, status, ts) values ('3983324741236225613', 'COMPLETED', '2021-07-20 10:46:00'::timestamp);
insert into stocks (product, stock, ts) values ('Люстра', 39, '2021-07-20 10:49:00'::timestamp);
insert into orders_history (order_id, status, ts) values ('753063452336105954', 'COMPLETED', '2021-07-20 11:00:00'::timestamp);
insert into orders (order_id, product, qty, ts) values ('7596718780310043290', 'Люстра', 9, '2021-07-20 11:11:49'::timestamp);
insert into orders_history (order_id, status, ts) values ('7596718780310043290', 'CREATED', '2021-07-20 11:11:49'::timestamp);
insert into stocks (product, stock, ts) values ('Люстра', 30, '2021-07-20 11:12:00'::timestamp);
insert into orders_history (order_id, status, ts) values ('4996046004648459723', 'CANCELLED', '2021-07-20 11:12:32'::timestamp);
insert into stocks (product, stock, ts) values ('Лампочка', 184, '2021-07-20 11:13:00'::timestamp);
insert into orders (order_id, product, qty, ts) values ('6848316921173534637', 'Швабра', 4, '2021-07-20 11:15:00'::timestamp);
insert into orders_history (order_id, status, ts) values ('6848316921173534637', 'CREATED', '2021-07-20 11:15:00'::timestamp);
insert into stocks (product, stock, ts) values ('Швабра', 1, '2021-07-20 11:15:00'::timestamp);
insert into orders (order_id, product, qty, ts) values ('5871220064598895025', 'Камин', 10, '2021-07-20 11:16:46'::timestamp);
insert into orders_history (order_id, status, ts) values ('5871220064598895025', 'CREATED', '2021-07-20 11:16:46'::timestamp);
insert into stocks (product, stock, ts) values ('Камин', 3, '2021-07-20 11:17:00'::timestamp);
insert into stocks (product, stock, ts) values ('Газонокосилка', 149, '2021-07-20 11:32:00'::timestamp);
insert into stocks (product, stock, ts) values ('Камин', 0, '2021-07-20 11:45:00'::timestamp);
insert into orders (order_id, product, qty, ts) values ('1200025726313437525', 'Швабра', 1, '2021-07-20 11:59:50'::timestamp);
insert into orders_history (order_id, status, ts) values ('1200025726313437525', 'CREATED', '2021-07-20 11:59:50'::timestamp);
insert into stocks (product, stock, ts) values ('Швабра', 0, '2021-07-20 12:00:00'::timestamp);
insert into orders (order_id, product, qty, ts) values ('3376699106763684911', 'Шпатель', 6, '2021-07-20 12:05:33'::timestamp);
insert into orders_history (order_id, status, ts) values ('3376699106763684911', 'CREATED', '2021-07-20 12:05:33'::timestamp);
insert into stocks (product, stock, ts) values ('Шпатель', 15, '2021-07-20 12:06:00'::timestamp);
insert into stocks (product, stock, ts) values ('Швабра', 74, '2021-07-20 12:09:00'::timestamp);
insert into orders (order_id, product, qty, ts) values ('4505775579347043885', 'Перфоратор', 5, '2021-07-20 12:14:36'::timestamp);
insert into orders_history (order_id, status, ts) values ('4505775579347043885', 'CREATED', '2021-07-20 12:14:36'::timestamp);
insert into stocks (product, stock, ts) values ('Перфоратор', 54, '2021-07-20 12:15:00'::timestamp);
insert into stocks (product, stock, ts) values ('Камин', 88, '2021-07-20 12:19:00'::timestamp);
insert into stocks (product, stock, ts) values ('Камин', 156, '2021-07-20 12:23:00'::timestamp);
insert into stocks (product, stock, ts) values ('Газонокосилка', 193, '2021-07-20 12:30:00'::timestamp);
insert into stocks (product, stock, ts) values ('Отвертка', 85, '2021-07-20 12:40:00'::timestamp);
insert into orders (order_id, product, qty, ts) values ('6091118111913429641', 'Газонокосилка', 4, '2021-07-20 12:49:41'::timestamp);
insert into orders_history (order_id, status, ts) values ('6091118111913429641', 'CREATED', '2021-07-20 12:49:41'::timestamp);
insert into stocks (product, stock, ts) values ('Газонокосилка', 189, '2021-07-20 12:50:00'::timestamp);
insert into stocks (product, stock, ts) values ('Камин', 146, '2021-07-20 12:56:00'::timestamp);
insert into stocks (product, stock, ts) values ('Люстра', 19, '2021-07-20 13:03:00'::timestamp);
insert into orders (order_id, product, qty, ts) values ('8211959681663731331', 'Перфоратор', 5, '2021-07-20 13:05:31'::timestamp);
insert into orders_history (order_id, status, ts) values ('8211959681663731331', 'CREATED', '2021-07-20 13:05:31'::timestamp);
insert into stocks (product, stock, ts) values ('Перфоратор', 49, '2021-07-20 13:06:00'::timestamp);
insert into stocks (product, stock, ts) values ('Шпатель', 11, '2021-07-20 13:10:00'::timestamp);
insert into orders_history (order_id, status, ts) values ('3376699106763684911', 'COMPLETED', '2021-07-20 13:15:00'::timestamp);
insert into stocks (product, stock, ts) values ('Перфоратор', 56, '2021-07-20 13:24:00'::timestamp);
insert into stocks (product, stock, ts) values ('Люстра', 12, '2021-07-20 13:33:00'::timestamp);
insert into orders (order_id, product, qty, ts) values ('1831516015201050328', 'Люстра', 12, '2021-07-20 13:45:36'::timestamp);
insert into orders_history (order_id, status, ts) values ('1831516015201050328', 'CREATED', '2021-07-20 13:45:36'::timestamp);
insert into stocks (product, stock, ts) values ('Люстра', 0, '2021-07-20 13:46:00'::timestamp);
insert into orders (order_id, product, qty, ts) values ('1514965703725149635', 'Перфоратор', 10, '2021-07-20 13:49:48'::timestamp);
insert into orders_history (order_id, status, ts) values ('1514965703725149635', 'CREATED', '2021-07-20 13:49:48'::timestamp);
insert into stocks (product, stock, ts) values ('Перфоратор', 46, '2021-07-20 13:50:00'::timestamp);
insert into orders (order_id, product, qty, ts) values ('5932801136966100066', 'Перфоратор', 3, '2021-07-20 14:01:40'::timestamp);
insert into orders_history (order_id, status, ts) values ('5932801136966100066', 'CREATED', '2021-07-20 14:01:40'::timestamp);
insert into stocks (product, stock, ts) values ('Перфоратор', 43, '2021-07-20 14:02:00'::timestamp);
insert into orders_history (order_id, status, ts) values ('8211959681663731331', 'CANCELLED', '2021-07-20 14:03:44'::timestamp);
insert into stocks (product, stock, ts) values ('Перфоратор', 48, '2021-07-20 14:04:00'::timestamp);
insert into orders_history (order_id, status, ts) values ('4505775579347043885', 'COMPLETED', '2021-07-20 14:10:00'::timestamp);
insert into stocks (product, stock, ts) values ('Швабра', 69, '2021-07-20 14:12:00'::timestamp);
insert into stocks (product, stock, ts) values ('Перфоратор', 30, '2021-07-20 14:17:00'::timestamp);
insert into orders_history (order_id, status, ts) values ('7596718780310043290', 'COMPLETED', '2021-07-20 14:23:00'::timestamp);
insert into orders_history (order_id, status, ts) values ('6848316921173534637', 'COMPLETED', '2021-07-20 14:26:00'::timestamp);
insert into stocks (product, stock, ts) values ('Лампочка', 235, '2021-07-20 14:27:00'::timestamp);
insert into orders_history (order_id, status, ts) values ('1200025726313437525', 'COMPLETED', '2021-07-20 14:41:00'::timestamp);
insert into orders_history (order_id, status, ts) values ('5871220064598895025', 'COMPLETED', '2021-07-20 14:48:00'::timestamp);
insert into stocks (product, stock, ts) values ('Люстра', 61, '2021-07-20 15:02:00'::timestamp);
insert into orders (order_id, product, qty, ts) values ('1452624332025501617', 'Шпатель', 2, '2021-07-20 15:05:49'::timestamp);
insert into orders_history (order_id, status, ts) values ('1452624332025501617', 'CREATED', '2021-07-20 15:05:49'::timestamp);
insert into stocks (product, stock, ts) values ('Шпатель', 9, '2021-07-20 15:06:00'::timestamp);
insert into orders_history (order_id, status, ts) values ('1514965703725149635', 'CANCELLED', '2021-07-20 15:18:37'::timestamp);
insert into stocks (product, stock, ts) values ('Перфоратор', 40, '2021-07-20 15:19:00'::timestamp);
insert into stocks (product, stock, ts) values ('Газонокосилка', 179, '2021-07-20 15:32:00'::timestamp);
insert into stocks (product, stock, ts) values ('Швабра', 57, '2021-07-20 15:45:00'::timestamp);
insert into stocks (product, stock, ts) values ('Газонокосилка', 169, '2021-07-20 16:00:00'::timestamp);
insert into stocks (product, stock, ts) values ('Отвертка', 72, '2021-07-20 16:01:00'::timestamp);
insert into stocks (product, stock, ts) values ('Лампочка', 225, '2021-07-20 16:07:00'::timestamp);
insert into orders (order_id, product, qty, ts) values ('6662716586472714818', 'Шпатель', 9, '2021-07-20 16:07:53'::timestamp);
insert into orders_history (order_id, status, ts) values ('6662716586472714818', 'CREATED', '2021-07-20 16:07:53'::timestamp);
insert into stocks (product, stock, ts) values ('Шпатель', 0, '2021-07-20 16:08:00'::timestamp);
insert into orders (order_id, product, qty, ts) values ('5599314242851711882', 'Лампочка', 1, '2021-07-20 16:18:32'::timestamp);
insert into orders_history (order_id, status, ts) values ('5599314242851711882', 'CREATED', '2021-07-20 16:18:32'::timestamp);
insert into stocks (product, stock, ts) values ('Лампочка', 224, '2021-07-20 16:19:00'::timestamp);
insert into stocks (product, stock, ts) values ('Лампочка', 222, '2021-07-20 16:27:00'::timestamp);
insert into stocks (product, stock, ts) values ('Люстра', 57, '2021-07-20 16:32:00'::timestamp);
insert into orders_history (order_id, status, ts) values ('1831516015201050328', 'CANCELLED', '2021-07-20 16:42:36'::timestamp);
insert into stocks (product, stock, ts) values ('Люстра', 69, '2021-07-20 16:43:00'::timestamp);
insert into stocks (product, stock, ts) values ('Люстра', 106, '2021-07-20 16:55:00'::timestamp);
insert into orders_history (order_id, status, ts) values ('6662716586472714818', 'CANCELLED', '2021-07-20 17:00:31'::timestamp);
insert into stocks (product, stock, ts) values ('Шпатель', 9, '2021-07-20 17:01:00'::timestamp);
insert into stocks (product, stock, ts) values ('Лампочка', 214, '2021-07-20 17:02:00'::timestamp);
insert into stocks (product, stock, ts) values ('Камин', 131, '2021-07-20 17:11:00'::timestamp);
insert into stocks (product, stock, ts) values ('Люстра', 99, '2021-07-20 17:14:00'::timestamp);
insert into stocks (product, stock, ts) values ('Люстра', 88, '2021-07-20 17:25:00'::timestamp);
insert into orders_history (order_id, status, ts) values ('5932801136966100066', 'COMPLETED', '2021-07-20 17:34:00'::timestamp);
insert into stocks (product, stock, ts) values ('Камин', 129, '2021-07-20 17:37:00'::timestamp);
insert into stocks (product, stock, ts) values ('Перфоратор', 28, '2021-07-20 17:50:00'::timestamp);
insert into stocks (product, stock, ts) values ('Камин', 188, '2021-07-20 18:03:00'::timestamp);
insert into orders (order_id, product, qty, ts) values ('3114165493999591725', 'Камин', 6, '2021-07-20 18:04:30'::timestamp);
insert into orders_history (order_id, status, ts) values ('3114165493999591725', 'CREATED', '2021-07-20 18:04:30'::timestamp);
insert into stocks (product, stock, ts) values ('Камин', 182, '2021-07-20 18:05:00'::timestamp);
insert into stocks (product, stock, ts) values ('Лампочка', 209, '2021-07-20 18:14:00'::timestamp);
insert into stocks (product, stock, ts) values ('Газонокосилка', 162, '2021-07-20 18:16:00'::timestamp);
insert into stocks (product, stock, ts) values ('Лампочка', 290, '2021-07-20 18:35:00'::timestamp);
insert into orders (order_id, product, qty, ts) values ('8073053071016900664', 'Швабра', 8, '2021-07-20 18:46:49'::timestamp);
insert into orders_history (order_id, status, ts) values ('8073053071016900664', 'CREATED', '2021-07-20 18:46:49'::timestamp);
insert into stocks (product, stock, ts) values ('Швабра', 49, '2021-07-20 18:47:00'::timestamp);
insert into stocks (product, stock, ts) values ('Газонокосилка', 160, '2021-07-20 18:50:00'::timestamp);
insert into orders (order_id, product, qty, ts) values ('2259379782203454978', 'Отвертка', 15, '2021-07-20 19:03:49'::timestamp);
insert into orders_history (order_id, status, ts) values ('2259379782203454978', 'CREATED', '2021-07-20 19:03:49'::timestamp);
insert into stocks (product, stock, ts) values ('Отвертка', 57, '2021-07-20 19:04:00'::timestamp);
insert into stocks (product, stock, ts) values ('Люстра', 84, '2021-07-20 19:15:00'::timestamp);
insert into orders (order_id, product, qty, ts) values ('1852808758042776414', 'Газонокосилка', 6, '2021-07-20 19:25:59'::timestamp);
insert into orders_history (order_id, status, ts) values ('1852808758042776414', 'CREATED', '2021-07-20 19:25:59'::timestamp);
insert into stocks (product, stock, ts) values ('Газонокосилка', 154, '2021-07-20 19:26:00'::timestamp);
insert into orders (order_id, product, qty, ts) values ('8679938453265983727', 'Отвертка', 10, '2021-07-20 19:27:51'::timestamp);
insert into orders_history (order_id, status, ts) values ('8679938453265983727', 'CREATED', '2021-07-20 19:27:51'::timestamp);
insert into stocks (product, stock, ts) values ('Отвертка', 47, '2021-07-20 19:28:00'::timestamp);
insert into orders_history (order_id, status, ts) values ('1452624332025501617', 'COMPLETED', '2021-07-20 19:46:00'::timestamp);
insert into orders (order_id, product, qty, ts) values ('3148698036135994027', 'Отвертка', 2, '2021-07-20 19:59:31'::timestamp);
insert into orders_history (order_id, status, ts) values ('3148698036135994027', 'CREATED', '2021-07-20 19:59:31'::timestamp);
insert into stocks (product, stock, ts) values ('Отвертка', 45, '2021-07-20 20:00:00'::timestamp);
insert into orders_history (order_id, status, ts) values ('8073053071016900664', 'COMPLETED', '2021-07-20 20:14:00'::timestamp);
insert into orders (order_id, product, qty, ts) values ('3109608071904711870', 'Швабра', 12, '2021-07-20 20:16:49'::timestamp);
insert into orders_history (order_id, status, ts) values ('3109608071904711870', 'CREATED', '2021-07-20 20:16:49'::timestamp);
insert into stocks (product, stock, ts) values ('Швабра', 37, '2021-07-20 20:17:00'::timestamp);
insert into orders (order_id, product, qty, ts) values ('8563097263544302202', 'Швабра', 10, '2021-07-20 20:18:44'::timestamp);
insert into orders_history (order_id, status, ts) values ('8563097263544302202', 'CREATED', '2021-07-20 20:18:44'::timestamp);
insert into stocks (product, stock, ts) values ('Швабра', 27, '2021-07-20 20:19:00'::timestamp);
insert into orders (order_id, product, qty, ts) values ('8937616544315715549', 'Швабра', 2, '2021-07-20 20:27:58'::timestamp);
insert into orders_history (order_id, status, ts) values ('8937616544315715549', 'CREATED', '2021-07-20 20:27:58'::timestamp);
insert into stocks (product, stock, ts) values ('Швабра', 25, '2021-07-20 20:28:00'::timestamp);
insert into stocks (product, stock, ts) values ('Камин', 181, '2021-07-20 20:39:00'::timestamp);
insert into orders (order_id, product, qty, ts) values ('535375845092828619', 'Люстра', 14, '2021-07-20 20:49:55'::timestamp);
insert into orders_history (order_id, status, ts) values ('535375845092828619', 'CREATED', '2021-07-20 20:49:55'::timestamp);
insert into stocks (product, stock, ts) values ('Люстра', 70, '2021-07-20 20:50:00'::timestamp);
insert into orders (order_id, product, qty, ts) values ('1812977995811473611', 'Камин', 14, '2021-07-20 20:50:57'::timestamp);
insert into orders_history (order_id, status, ts) values ('1812977995811473611', 'CREATED', '2021-07-20 20:50:57'::timestamp);
insert into stocks (product, stock, ts) values ('Камин', 167, '2021-07-20 20:51:00'::timestamp);
insert into orders_history (order_id, status, ts) values ('6091118111913429641', 'COMPLETED', '2021-07-20 20:56:00'::timestamp);
insert into orders_history (order_id, status, ts) values ('8563097263544302202', 'CANCELLED', '2021-07-20 20:56:38'::timestamp);
insert into stocks (product, stock, ts) values ('Швабра', 35, '2021-07-20 20:57:00'::timestamp);
insert into orders (order_id, product, qty, ts) values ('2327586534300031190', 'Камин', 15, '2021-07-20 21:06:54'::timestamp);
insert into orders_history (order_id, status, ts) values ('2327586534300031190', 'CREATED', '2021-07-20 21:06:54'::timestamp);
insert into stocks (product, stock, ts) values ('Камин', 152, '2021-07-20 21:07:00'::timestamp);
insert into orders (order_id, product, qty, ts) values ('1324428912296424146', 'Лампочка', 6, '2021-07-20 21:21:38'::timestamp);
insert into orders_history (order_id, status, ts) values ('1324428912296424146', 'CREATED', '2021-07-20 21:21:38'::timestamp);
insert into stocks (product, stock, ts) values ('Лампочка', 284, '2021-07-20 21:22:00'::timestamp);
insert into orders_history (order_id, status, ts) values ('3114165493999591725', 'COMPLETED', '2021-07-20 21:34:00'::timestamp);
insert into orders_history (order_id, status, ts) values ('5599314242851711882', 'CANCELLED', '2021-07-20 21:44:56'::timestamp);
insert into stocks (product, stock, ts) values ('Лампочка', 285, '2021-07-20 21:45:00'::timestamp);
insert into stocks (product, stock, ts) values ('Лампочка', 272, '2021-07-20 21:58:00'::timestamp);
insert into orders_history (order_id, status, ts) values ('1852808758042776414', 'COMPLETED', '2021-07-20 22:03:00'::timestamp);
insert into orders_history (order_id, status, ts) values ('8937616544315715549', 'COMPLETED', '2021-07-20 22:28:00'::timestamp);
insert into orders (order_id, product, qty, ts) values ('6116816013415268012', 'Отвертка', 3, '2021-07-20 22:36:55'::timestamp);
insert into orders_history (order_id, status, ts) values ('6116816013415268012', 'CREATED', '2021-07-20 22:36:55'::timestamp);
insert into stocks (product, stock, ts) values ('Отвертка', 42, '2021-07-20 22:37:00'::timestamp);
insert into stocks (product, stock, ts) values ('Перфоратор', 23, '2021-07-20 22:43:00'::timestamp);
insert into orders_history (order_id, status, ts) values ('1324428912296424146', 'CANCELLED', '2021-07-20 22:48:34'::timestamp);
insert into stocks (product, stock, ts) values ('Лампочка', 278, '2021-07-20 22:49:00'::timestamp);
insert into stocks (product, stock, ts) values ('Камин', 217, '2021-07-20 22:54:00'::timestamp);
insert into stocks (product, stock, ts) values ('Перфоратор', 22, '2021-07-20 23:07:00'::timestamp);
insert into orders_history (order_id, status, ts) values ('3109608071904711870', 'COMPLETED', '2021-07-21 09:07:00'::timestamp);
insert into orders_history (order_id, status, ts) values ('2259379782203454978', 'COMPLETED', '2021-07-21 09:18:00'::timestamp);
insert into stocks (product, stock, ts) values ('Камин', 209, '2021-07-21 09:33:00'::timestamp);
insert into orders_history (order_id, status, ts) values ('6116816013415268012', 'COMPLETED', '2021-07-21 09:41:00'::timestamp);
insert into stocks (product, stock, ts) values ('Люстра', 68, '2021-07-21 09:54:00'::timestamp);
insert into orders_history (order_id, status, ts) values ('535375845092828619', 'COMPLETED', '2021-07-21 10:04:00'::timestamp);
insert into orders_history (order_id, status, ts) values ('8679938453265983727', 'COMPLETED', '2021-07-21 10:05:00'::timestamp);
insert into orders_history (order_id, status, ts) values ('1812977995811473611', 'COMPLETED', '2021-07-21 10:11:00'::timestamp);
insert into orders_history (order_id, status, ts) values ('3148698036135994027', 'COMPLETED', '2021-07-21 10:14:00'::timestamp);
insert into stocks (product, stock, ts) values ('Перфоратор', 12, '2021-07-21 10:21:00'::timestamp);
insert into stocks (product, stock, ts) values ('Швабра', 19, '2021-07-21 10:34:00'::timestamp);
insert into stocks (product, stock, ts) values ('Люстра', 56, '2021-07-21 10:37:00'::timestamp);
insert into stocks (product, stock, ts) values ('Шпатель', 12, '2021-07-21 10:46:00'::timestamp);
insert into stocks (product, stock, ts) values ('Люстра', 43, '2021-07-21 10:54:00'::timestamp);
insert into orders_history (order_id, status, ts) values ('2327586534300031190', 'CANCELLED', '2021-07-21 11:05:42'::timestamp);
insert into stocks (product, stock, ts) values ('Камин', 224, '2021-07-21 11:06:00'::timestamp);
insert into orders (order_id, product, qty, ts) values ('2951983147177044657', 'Отвертка', 12, '2021-07-21 11:17:41'::timestamp);
insert into orders_history (order_id, status, ts) values ('2951983147177044657', 'CREATED', '2021-07-21 11:17:41'::timestamp);
insert into stocks (product, stock, ts) values ('Отвертка', 30, '2021-07-21 11:18:00'::timestamp);
insert into orders (order_id, product, qty, ts) values ('7104149191720329177', 'Камин', 13, '2021-07-21 11:31:57'::timestamp);
insert into orders_history (order_id, status, ts) values ('7104149191720329177', 'CREATED', '2021-07-21 11:31:57'::timestamp);
insert into stocks (product, stock, ts) values ('Камин', 196, '2021-07-21 11:32:00'::timestamp);
insert into orders (order_id, product, qty, ts) values ('6995490804843483632', 'Швабра', 4, '2021-07-21 11:42:33'::timestamp);
insert into orders_history (order_id, status, ts) values ('6995490804843483632', 'CREATED', '2021-07-21 11:42:33'::timestamp);
insert into stocks (product, stock, ts) values ('Швабра', 15, '2021-07-21 11:43:00'::timestamp);
insert into stocks (product, stock, ts) values ('Лампочка', 325, '2021-07-21 11:44:00'::timestamp);
insert into stocks (product, stock, ts) values ('Отвертка', 20, '2021-07-21 11:50:00'::timestamp);
insert into orders (order_id, product, qty, ts) values ('5053364970242685631', 'Швабра', 7, '2021-07-21 11:57:56'::timestamp);
insert into orders_history (order_id, status, ts) values ('5053364970242685631', 'CREATED', '2021-07-21 11:57:56'::timestamp);
insert into stocks (product, stock, ts) values ('Швабра', 8, '2021-07-21 11:58:00'::timestamp);
insert into stocks (product, stock, ts) values ('Камин', 186, '2021-07-21 12:03:00'::timestamp);
insert into orders (order_id, product, qty, ts) values ('8060523929862214732', 'Перфоратор', 1, '2021-07-21 12:08:36'::timestamp);
insert into orders_history (order_id, status, ts) values ('8060523929862214732', 'CREATED', '2021-07-21 12:08:36'::timestamp);
insert into stocks (product, stock, ts) values ('Перфоратор', 11, '2021-07-21 12:09:00'::timestamp);
insert into orders (order_id, product, qty, ts) values ('1725945168961762289', 'Швабра', 3, '2021-07-21 12:23:56'::timestamp);
insert into orders_history (order_id, status, ts) values ('1725945168961762289', 'CREATED', '2021-07-21 12:23:56'::timestamp);
insert into stocks (product, stock, ts) values ('Швабра', 5, '2021-07-21 12:24:00'::timestamp);
insert into stocks (product, stock, ts) values ('Швабра', 0, '2021-07-21 12:37:00'::timestamp);
insert into stocks (product, stock, ts) values ('Лампочка', 312, '2021-07-21 12:46:00'::timestamp);
insert into orders (order_id, product, qty, ts) values ('2326517162464155094', 'Газонокосилка', 7, '2021-07-21 12:58:50'::timestamp);
insert into orders_history (order_id, status, ts) values ('2326517162464155094', 'CREATED', '2021-07-21 12:58:50'::timestamp);
insert into stocks (product, stock, ts) values ('Газонокосилка', 147, '2021-07-21 12:59:00'::timestamp);
insert into stocks (product, stock, ts) values ('Лампочка', 301, '2021-07-21 13:08:00'::timestamp);
insert into stocks (product, stock, ts) values ('Перфоратор', 0, '2021-07-21 13:18:00'::timestamp);
insert into stocks (product, stock, ts) values ('Отвертка', 17, '2021-07-21 13:29:00'::timestamp);
insert into stocks (product, stock, ts) values ('Отвертка', 9, '2021-07-21 13:34:00'::timestamp);
insert into orders (order_id, product, qty, ts) values ('8569344387356116965', 'Шпатель', 12, '2021-07-21 13:34:45'::timestamp);
insert into orders_history (order_id, status, ts) values ('8569344387356116965', 'CREATED', '2021-07-21 13:34:45'::timestamp);
insert into stocks (product, stock, ts) values ('Шпатель', 0, '2021-07-21 13:35:00'::timestamp);
insert into stocks (product, stock, ts) values ('Отвертка', 0, '2021-07-21 13:36:00'::timestamp);
insert into orders_history (order_id, status, ts) values ('6995490804843483632', 'CANCELLED', '2021-07-21 13:39:40'::timestamp);
insert into stocks (product, stock, ts) values ('Швабра', 4, '2021-07-21 13:40:00'::timestamp);
insert into orders_history (order_id, status, ts) values ('2326517162464155094', 'CANCELLED', '2021-07-21 13:51:45'::timestamp);
insert into stocks (product, stock, ts) values ('Газонокосилка', 154, '2021-07-21 13:52:00'::timestamp);
insert into stocks (product, stock, ts) values ('Перфоратор', 31, '2021-07-21 14:16:00'::timestamp);
insert into stocks (product, stock, ts) values ('Перфоратор', 27, '2021-07-21 14:40:00'::timestamp);
insert into stocks (product, stock, ts) values ('Отвертка', 68, '2021-07-21 14:55:00'::timestamp);
insert into stocks (product, stock, ts) values ('Лампочка', 358, '2021-07-21 15:03:00'::timestamp);
insert into orders (order_id, product, qty, ts) values ('3108857665959294092', 'Отвертка', 9, '2021-07-21 15:05:54'::timestamp);
insert into orders_history (order_id, status, ts) values ('3108857665959294092', 'CREATED', '2021-07-21 15:05:54'::timestamp);
insert into stocks (product, stock, ts) values ('Отвертка', 59, '2021-07-21 15:06:00'::timestamp);
insert into orders_history (order_id, status, ts) values ('8569344387356116965', 'CANCELLED', '2021-07-21 15:12:45'::timestamp);
insert into stocks (product, stock, ts) values ('Шпатель', 12, '2021-07-21 15:13:00'::timestamp);
insert into orders_history (order_id, status, ts) values ('5053364970242685631', 'COMPLETED', '2021-07-21 15:25:00'::timestamp);
insert into stocks (product, stock, ts) values ('Газонокосилка', 141, '2021-07-21 15:41:00'::timestamp);
insert into stocks (product, stock, ts) values ('Отвертка', 44, '2021-07-21 15:56:00'::timestamp);
insert into stocks (product, stock, ts) values ('Камин', 179, '2021-07-21 16:01:00'::timestamp);
insert into stocks (product, stock, ts) values ('Газонокосилка', 127, '2021-07-21 16:09:00'::timestamp);
insert into stocks (product, stock, ts) values ('Люстра', 36, '2021-07-21 16:13:00'::timestamp);
insert into orders_history (order_id, status, ts) values ('2951983147177044657', 'COMPLETED', '2021-07-21 16:15:00'::timestamp);
insert into orders (order_id, product, qty, ts) values ('7226851137440298833', 'Камин', 3, '2021-07-21 16:22:35'::timestamp);
insert into orders_history (order_id, status, ts) values ('7226851137440298833', 'CREATED', '2021-07-21 16:22:35'::timestamp);
insert into stocks (product, stock, ts) values ('Камин', 176, '2021-07-21 16:23:00'::timestamp);
insert into orders (order_id, product, qty, ts) values ('7588523495109121732', 'Перфоратор', 15, '2021-07-21 16:36:35'::timestamp);
insert into orders_history (order_id, status, ts) values ('7588523495109121732', 'CREATED', '2021-07-21 16:36:35'::timestamp);
insert into stocks (product, stock, ts) values ('Перфоратор', 12, '2021-07-21 16:37:00'::timestamp);
insert into stocks (product, stock, ts) values ('Шпатель', 30, '2021-07-21 16:40:00'::timestamp);
insert into orders (order_id, product, qty, ts) values ('3458967875498947117', 'Камин', 13, '2021-07-21 17:04:58'::timestamp);
insert into orders_history (order_id, status, ts) values ('3458967875498947117', 'CREATED', '2021-07-21 17:04:58'::timestamp);
insert into stocks (product, stock, ts) values ('Камин', 163, '2021-07-21 17:05:00'::timestamp);
insert into orders (order_id, product, qty, ts) values ('4166995425993758386', 'Шпатель', 14, '2021-07-21 17:07:00'::timestamp);
insert into orders_history (order_id, status, ts) values ('4166995425993758386', 'CREATED', '2021-07-21 17:07:00'::timestamp);
insert into stocks (product, stock, ts) values ('Шпатель', 16, '2021-07-21 17:07:00'::timestamp);
insert into stocks (product, stock, ts) values ('Лампочка', 343, '2021-07-21 17:12:00'::timestamp);
insert into orders_history (order_id, status, ts) values ('3108857665959294092', 'COMPLETED', '2021-07-21 17:14:00'::timestamp);
insert into orders_history (order_id, status, ts) values ('8060523929862214732', 'COMPLETED', '2021-07-21 17:24:00'::timestamp);
insert into orders (order_id, product, qty, ts) values ('7288578252408229351', 'Камин', 10, '2021-07-21 17:27:40'::timestamp);
insert into orders_history (order_id, status, ts) values ('7288578252408229351', 'CREATED', '2021-07-21 17:27:40'::timestamp);
insert into stocks (product, stock, ts) values ('Камин', 153, '2021-07-21 17:28:00'::timestamp);
insert into stocks (product, stock, ts) values ('Лампочка', 367, '2021-07-21 17:33:00'::timestamp);
insert into orders_history (order_id, status, ts) values ('3458967875498947117', 'CANCELLED', '2021-07-21 17:37:39'::timestamp);
insert into stocks (product, stock, ts) values ('Камин', 166, '2021-07-21 17:38:00'::timestamp);
insert into stocks (product, stock, ts) values ('Шпатель', 5, '2021-07-21 17:39:00'::timestamp);
insert into orders (order_id, product, qty, ts) values ('538325930092968613', 'Камин', 14, '2021-07-21 17:41:31'::timestamp);
insert into orders_history (order_id, status, ts) values ('538325930092968613', 'CREATED', '2021-07-21 17:41:31'::timestamp);
insert into stocks (product, stock, ts) values ('Камин', 139, '2021-07-21 17:42:00'::timestamp);
insert into orders (order_id, product, qty, ts) values ('3473006569471537644', 'Камин', 1, '2021-07-21 17:49:46'::timestamp);
insert into orders_history (order_id, status, ts) values ('3473006569471537644', 'CREATED', '2021-07-21 17:49:46'::timestamp);
insert into stocks (product, stock, ts) values ('Камин', 138, '2021-07-21 17:50:00'::timestamp);
insert into orders_history (order_id, status, ts) values ('3473006569471537644', 'CANCELLED', '2021-07-21 17:53:53'::timestamp);
insert into stocks (product, stock, ts) values ('Камин', 139, '2021-07-21 17:54:00'::timestamp);
insert into stocks (product, stock, ts) values ('Шпатель', 0, '2021-07-21 17:56:00'::timestamp);
insert into orders_history (order_id, status, ts) values ('1725945168961762289', 'COMPLETED', '2021-07-21 18:10:00'::timestamp);
insert into orders_history (order_id, status, ts) values ('7104149191720329177', 'COMPLETED', '2021-07-21 18:11:00'::timestamp);
insert into orders (order_id, product, qty, ts) values ('8161593508702051307', 'Люстра', 5, '2021-07-21 18:24:45'::timestamp);
insert into orders_history (order_id, status, ts) values ('8161593508702051307', 'CREATED', '2021-07-21 18:24:45'::timestamp);
insert into stocks (product, stock, ts) values ('Люстра', 31, '2021-07-21 18:25:00'::timestamp);
insert into orders_history (order_id, status, ts) values ('4166995425993758386', 'CANCELLED', '2021-07-21 18:39:53'::timestamp);
insert into stocks (product, stock, ts) values ('Шпатель', 14, '2021-07-21 18:40:00'::timestamp);
insert into orders (order_id, product, qty, ts) values ('9153174460211631797', 'Люстра', 7, '2021-07-21 18:47:49'::timestamp);
insert into orders_history (order_id, status, ts) values ('9153174460211631797', 'CREATED', '2021-07-21 18:47:49'::timestamp);
insert into stocks (product, stock, ts) values ('Люстра', 24, '2021-07-21 18:48:00'::timestamp);
insert into orders_history (order_id, status, ts) values ('9153174460211631797', 'CANCELLED', '2021-07-21 18:59:53'::timestamp);
insert into stocks (product, stock, ts) values ('Люстра', 31, '2021-07-21 19:00:00'::timestamp);
insert into stocks (product, stock, ts) values ('Люстра', 13, '2021-07-21 19:18:00'::timestamp);
insert into orders (order_id, product, qty, ts) values ('1817044052895346790', 'Перфоратор', 12, '2021-07-21 19:34:00'::timestamp);
insert into orders_history (order_id, status, ts) values ('1817044052895346790', 'CREATED', '2021-07-21 19:34:00'::timestamp);
insert into stocks (product, stock, ts) values ('Перфоратор', 0, '2021-07-21 19:34:00'::timestamp);
insert into orders (order_id, product, qty, ts) values ('8424001836795127266', 'Камин', 1, '2021-07-21 19:44:54'::timestamp);
insert into orders_history (order_id, status, ts) values ('8424001836795127266', 'CREATED', '2021-07-21 19:44:54'::timestamp);
insert into stocks (product, stock, ts) values ('Камин', 137, '2021-07-21 19:45:00'::timestamp);
insert into stocks (product, stock, ts) values ('Лампочка', 355, '2021-07-21 19:59:00'::timestamp);
insert into orders (order_id, product, qty, ts) values ('3932484389706698494', 'Люстра', 5, '2021-07-21 20:35:50'::timestamp);
insert into orders_history (order_id, status, ts) values ('3932484389706698494', 'CREATED', '2021-07-21 20:35:50'::timestamp);
insert into stocks (product, stock, ts) values ('Люстра', 8, '2021-07-21 20:36:00'::timestamp);
insert into orders_history (order_id, status, ts) values ('7288578252408229351', 'COMPLETED', '2021-07-21 20:50:00'::timestamp);
insert into orders (order_id, product, qty, ts) values ('1722020860942544266', 'Люстра', 8, '2021-07-21 20:53:48'::timestamp);
insert into orders_history (order_id, status, ts) values ('1722020860942544266', 'CREATED', '2021-07-21 20:53:48'::timestamp);
insert into stocks (product, stock, ts) values ('Люстра', 0, '2021-07-21 20:54:00'::timestamp);
insert into orders (order_id, product, qty, ts) values ('4261731022038326882', 'Газонокосилка', 6, '2021-07-21 21:14:30'::timestamp);
insert into orders_history (order_id, status, ts) values ('4261731022038326882', 'CREATED', '2021-07-21 21:14:30'::timestamp);
insert into stocks (product, stock, ts) values ('Газонокосилка', 121, '2021-07-21 21:15:00'::timestamp);
insert into orders_history (order_id, status, ts) values ('7226851137440298833', 'COMPLETED', '2021-07-21 21:27:00'::timestamp);
insert into stocks (product, stock, ts) values ('Лампочка', 348, '2021-07-21 21:34:00'::timestamp);
insert into orders_history (order_id, status, ts) values ('8161593508702051307', 'CANCELLED', '2021-07-21 21:40:46'::timestamp);
insert into stocks (product, stock, ts) values ('Люстра', 5, '2021-07-21 21:41:00'::timestamp);
insert into stocks (product, stock, ts) values ('Газонокосилка', 107, '2021-07-21 21:43:00'::timestamp);
insert into orders_history (order_id, status, ts) values ('7588523495109121732', 'COMPLETED', '2021-07-21 21:58:00'::timestamp);
insert into orders (order_id, product, qty, ts) values ('2183165113382341803', 'Лампочка', 6, '2021-07-21 22:08:40'::timestamp);
insert into orders_history (order_id, status, ts) values ('2183165113382341803', 'CREATED', '2021-07-21 22:08:40'::timestamp);
insert into stocks (product, stock, ts) values ('Лампочка', 342, '2021-07-21 22:09:00'::timestamp);
insert into stocks (product, stock, ts) values ('Люстра', 7, '2021-07-21 22:13:00'::timestamp);
insert into stocks (product, stock, ts) values ('Отвертка', 40, '2021-07-21 22:27:00'::timestamp);
insert into stocks (product, stock, ts) values ('Перфоратор', 18, '2021-07-21 22:35:00'::timestamp);
insert into stocks (product, stock, ts) values ('Лампочка', 355, '2021-07-21 22:48:00'::timestamp);
insert into orders (order_id, product, qty, ts) values ('3499275435577330441', 'Отвертка', 12, '2021-07-21 22:55:44'::timestamp);
insert into orders_history (order_id, status, ts) values ('3499275435577330441', 'CREATED', '2021-07-21 22:55:44'::timestamp);
insert into stocks (product, stock, ts) values ('Отвертка', 28, '2021-07-21 22:56:00'::timestamp);
insert into stocks (product, stock, ts) values ('Шпатель', 31, '2021-07-21 23:06:00'::timestamp);
insert into orders_history (order_id, status, ts) values ('2183165113382341803', 'CANCELLED', '2021-07-22 09:05:52'::timestamp);
insert into stocks (product, stock, ts) values ('Лампочка', 361, '2021-07-22 09:06:00'::timestamp);
insert into orders_history (order_id, status, ts) values ('538325930092968613', 'COMPLETED', '2021-07-22 09:21:00'::timestamp);
insert into orders_history (order_id, status, ts) values ('8424001836795127266', 'COMPLETED', '2021-07-22 09:22:00'::timestamp);
insert into orders_history (order_id, status, ts) values ('1817044052895346790', 'COMPLETED', '2021-07-22 09:31:00'::timestamp);
insert into orders (order_id, product, qty, ts) values ('4181573021969237727', 'Отвертка', 10, '2021-07-22 09:41:40'::timestamp);
insert into orders_history (order_id, status, ts) values ('4181573021969237727', 'CREATED', '2021-07-22 09:41:40'::timestamp);
insert into stocks (product, stock, ts) values ('Отвертка', 18, '2021-07-22 09:42:00'::timestamp);
insert into stocks (product, stock, ts) values ('Шпатель', 126, '2021-07-22 09:47:00'::timestamp);
insert into orders_history (order_id, status, ts) values ('4261731022038326882', 'COMPLETED', '2021-07-22 09:53:00'::timestamp);
insert into orders_history (order_id, status, ts) values ('3932484389706698494', 'COMPLETED', '2021-07-22 10:04:00'::timestamp);
insert into orders (order_id, product, qty, ts) values ('6617174146089961928', 'Отвертка', 9, '2021-07-22 10:15:53'::timestamp);
insert into orders_history (order_id, status, ts) values ('6617174146089961928', 'CREATED', '2021-07-22 10:15:53'::timestamp);
insert into stocks (product, stock, ts) values ('Отвертка', 9, '2021-07-22 10:16:00'::timestamp);
insert into orders_history (order_id, status, ts) values ('1722020860942544266', 'CANCELLED', '2021-07-22 10:24:43'::timestamp);
insert into stocks (product, stock, ts) values ('Люстра', 15, '2021-07-22 10:25:00'::timestamp);
insert into stocks (product, stock, ts) values ('Люстра', 0, '2021-07-22 10:32:00'::timestamp);
insert into stocks (product, stock, ts) values ('Отвертка', 7, '2021-07-22 10:46:00'::timestamp);
insert into stocks (product, stock, ts) values ('Газонокосилка', 106, '2021-07-22 10:48:00'::timestamp);
insert into stocks (product, stock, ts) values ('Камин', 136, '2021-07-22 10:54:00'::timestamp);
insert into orders_history (order_id, status, ts) values ('3499275435577330441', 'COMPLETED', '2021-07-22 11:09:00'::timestamp);
insert into orders (order_id, product, qty, ts) values ('1868240447185747256', 'Перфоратор', 1, '2021-07-22 11:10:39'::timestamp);
insert into orders_history (order_id, status, ts) values ('1868240447185747256', 'CREATED', '2021-07-22 11:10:39'::timestamp);
insert into stocks (product, stock, ts) values ('Перфоратор', 17, '2021-07-22 11:11:00'::timestamp);
insert into orders_history (order_id, status, ts) values ('1868240447185747256', 'CANCELLED', '2021-07-22 11:12:52'::timestamp);
insert into stocks (product, stock, ts) values ('Перфоратор', 18, '2021-07-22 11:13:00'::timestamp);
insert into stocks (product, stock, ts) values ('Газонокосилка', 151, '2021-07-22 11:27:00'::timestamp);
insert into stocks (product, stock, ts) values ('Швабра', 22, '2021-07-22 11:35:00'::timestamp);
insert into orders (order_id, product, qty, ts) values ('1530310599478310327', 'Отвертка', 7, '2021-07-22 11:44:38'::timestamp);
insert into orders_history (order_id, status, ts) values ('1530310599478310327', 'CREATED', '2021-07-22 11:44:38'::timestamp);
insert into stocks (product, stock, ts) values ('Отвертка', 0, '2021-07-22 11:45:00'::timestamp);
insert into orders (order_id, product, qty, ts) values ('9038410712344199729', 'Шпатель', 5, '2021-07-22 11:57:56'::timestamp);
insert into orders_history (order_id, status, ts) values ('9038410712344199729', 'CREATED', '2021-07-22 11:57:56'::timestamp);
insert into stocks (product, stock, ts) values ('Шпатель', 121, '2021-07-22 11:58:00'::timestamp);
insert into stocks (product, stock, ts) values ('Камин', 127, '2021-07-22 12:19:00'::timestamp);
insert into stocks (product, stock, ts) values ('Газонокосилка', 149, '2021-07-22 12:41:00'::timestamp);
insert into stocks (product, stock, ts) values ('Шпатель', 180, '2021-07-22 12:53:00'::timestamp);
insert into orders (order_id, product, qty, ts) values ('4154991872464256042', 'Перфоратор', 2, '2021-07-22 13:11:35'::timestamp);
insert into orders_history (order_id, status, ts) values ('4154991872464256042', 'CREATED', '2021-07-22 13:11:35'::timestamp);
insert into stocks (product, stock, ts) values ('Перфоратор', 15, '2021-07-22 13:12:00'::timestamp);
insert into orders (order_id, product, qty, ts) values ('82791381863790392', 'Лампочка', 8, '2021-07-22 13:21:35'::timestamp);
insert into orders_history (order_id, status, ts) values ('82791381863790392', 'CREATED', '2021-07-22 13:21:35'::timestamp);
insert into stocks (product, stock, ts) values ('Лампочка', 347, '2021-07-22 13:22:00'::timestamp);
insert into stocks (product, stock, ts) values ('Перфоратор', 69, '2021-07-22 13:37:00'::timestamp);
insert into orders (order_id, product, qty, ts) values ('6357684603799354028', 'Перфоратор', 13, '2021-07-22 13:38:57'::timestamp);
insert into orders_history (order_id, status, ts) values ('6357684603799354028', 'CREATED', '2021-07-22 13:38:57'::timestamp);
insert into stocks (product, stock, ts) values ('Перфоратор', 56, '2021-07-22 13:39:00'::timestamp);
insert into orders (order_id, product, qty, ts) values ('8712803219642346833', 'Шпатель', 9, '2021-07-22 13:47:31'::timestamp);
insert into orders_history (order_id, status, ts) values ('8712803219642346833', 'CREATED', '2021-07-22 13:47:31'::timestamp);
insert into stocks (product, stock, ts) values ('Шпатель', 171, '2021-07-22 13:48:00'::timestamp);
insert into stocks (product, stock, ts) values ('Шпатель', 170, '2021-07-22 13:52:00'::timestamp);
insert into orders_history (order_id, status, ts) values ('6617174146089961928', 'COMPLETED', '2021-07-22 13:58:00'::timestamp);
insert into stocks (product, stock, ts) values ('Отвертка', 22, '2021-07-22 14:19:00'::timestamp);
insert into orders_history (order_id, status, ts) values ('1530310599478310327', 'COMPLETED', '2021-07-22 14:31:00'::timestamp);
insert into stocks (product, stock, ts) values ('Отвертка', 20, '2021-07-22 14:41:00'::timestamp);
insert into orders_history (order_id, status, ts) values ('9038410712344199729', 'COMPLETED', '2021-07-22 14:48:00'::timestamp);
insert into orders (order_id, product, qty, ts) values ('517904142052507455', 'Перфоратор', 3, '2021-07-22 14:54:57'::timestamp);
insert into orders_history (order_id, status, ts) values ('517904142052507455', 'CREATED', '2021-07-22 14:54:57'::timestamp);
insert into stocks (product, stock, ts) values ('Перфоратор', 53, '2021-07-22 14:55:00'::timestamp);
insert into orders (order_id, product, qty, ts) values ('1324720347097814161', 'Отвертка', 7, '2021-07-22 15:07:30'::timestamp);
insert into orders_history (order_id, status, ts) values ('1324720347097814161', 'CREATED', '2021-07-22 15:07:30'::timestamp);
insert into stocks (product, stock, ts) values ('Отвертка', 13, '2021-07-22 15:08:00'::timestamp);
insert into orders (order_id, product, qty, ts) values ('3022017738742361577', 'Перфоратор', 7, '2021-07-22 15:11:54'::timestamp);
insert into orders_history (order_id, status, ts) values ('3022017738742361577', 'CREATED', '2021-07-22 15:11:54'::timestamp);
insert into stocks (product, stock, ts) values ('Перфоратор', 46, '2021-07-22 15:12:00'::timestamp);
insert into stocks (product, stock, ts) values ('Люстра', 49, '2021-07-22 15:24:00'::timestamp);
insert into orders_history (order_id, status, ts) values ('4181573021969237727', 'COMPLETED', '2021-07-22 15:34:00'::timestamp);
insert into orders (order_id, product, qty, ts) values ('8499827872566190039', 'Перфоратор', 4, '2021-07-22 15:46:33'::timestamp);
insert into orders_history (order_id, status, ts) values ('8499827872566190039', 'CREATED', '2021-07-22 15:46:33'::timestamp);
insert into stocks (product, stock, ts) values ('Перфоратор', 42, '2021-07-22 15:47:00'::timestamp);
insert into orders (order_id, product, qty, ts) values ('1407427831471796676', 'Газонокосилка', 7, '2021-07-22 15:51:43'::timestamp);
insert into orders_history (order_id, status, ts) values ('1407427831471796676', 'CREATED', '2021-07-22 15:51:43'::timestamp);
insert into stocks (product, stock, ts) values ('Газонокосилка', 142, '2021-07-22 15:52:00'::timestamp);
insert into stocks (product, stock, ts) values ('Швабра', 12, '2021-07-22 15:57:00'::timestamp);
insert into orders (order_id, product, qty, ts) values ('169702154273632000', 'Отвертка', 11, '2021-07-22 16:01:30'::timestamp);
insert into orders_history (order_id, status, ts) values ('169702154273632000', 'CREATED', '2021-07-22 16:01:30'::timestamp);
insert into stocks (product, stock, ts) values ('Отвертка', 2, '2021-07-22 16:02:00'::timestamp);
insert into orders_history (order_id, status, ts) values ('4154991872464256042', 'COMPLETED', '2021-07-22 16:16:00'::timestamp);
insert into orders (order_id, product, qty, ts) values ('6731441771346731544', 'Газонокосилка', 2, '2021-07-22 16:24:36'::timestamp);
insert into orders_history (order_id, status, ts) values ('6731441771346731544', 'CREATED', '2021-07-22 16:24:36'::timestamp);
insert into stocks (product, stock, ts) values ('Газонокосилка', 140, '2021-07-22 16:25:00'::timestamp);
insert into orders (order_id, product, qty, ts) values ('5857319876704782461', 'Швабра', 2, '2021-07-22 16:26:50'::timestamp);
insert into orders_history (order_id, status, ts) values ('5857319876704782461', 'CREATED', '2021-07-22 16:26:50'::timestamp);
insert into stocks (product, stock, ts) values ('Швабра', 10, '2021-07-22 16:27:00'::timestamp);
insert into orders (order_id, product, qty, ts) values ('1255692396269672332', 'Швабра', 6, '2021-07-22 16:31:41'::timestamp);
insert into orders_history (order_id, status, ts) values ('1255692396269672332', 'CREATED', '2021-07-22 16:31:41'::timestamp);
insert into stocks (product, stock, ts) values ('Швабра', 4, '2021-07-22 16:32:00'::timestamp);
insert into stocks (product, stock, ts) values ('Швабра', 41, '2021-07-22 16:34:00'::timestamp);
insert into orders (order_id, product, qty, ts) values ('7486691672817495555', 'Камин', 12, '2021-07-22 16:42:30'::timestamp);
insert into orders_history (order_id, status, ts) values ('7486691672817495555', 'CREATED', '2021-07-22 16:42:30'::timestamp);
insert into stocks (product, stock, ts) values ('Камин', 115, '2021-07-22 16:43:00'::timestamp);
insert into orders (order_id, product, qty, ts) values ('6785202200733860914', 'Лампочка', 1, '2021-07-22 16:48:31'::timestamp);
insert into orders_history (order_id, status, ts) values ('6785202200733860914', 'CREATED', '2021-07-22 16:48:31'::timestamp);
insert into stocks (product, stock, ts) values ('Лампочка', 346, '2021-07-22 16:49:00'::timestamp);
insert into stocks (product, stock, ts) values ('Люстра', 65, '2021-07-22 16:52:00'::timestamp);
insert into orders_history (order_id, status, ts) values ('82791381863790392', 'COMPLETED', '2021-07-22 16:54:00'::timestamp);
insert into stocks (product, stock, ts) values ('Отвертка', 0, '2021-07-22 16:56:00'::timestamp);
insert into orders (order_id, product, qty, ts) values ('941854593687057303', 'Шпатель', 15, '2021-07-22 17:06:39'::timestamp);
insert into orders_history (order_id, status, ts) values ('941854593687057303', 'CREATED', '2021-07-22 17:06:39'::timestamp);
insert into stocks (product, stock, ts) values ('Шпатель', 155, '2021-07-22 17:07:00'::timestamp);
insert into orders (order_id, product, qty, ts) values ('7042073391442181054', 'Люстра', 3, '2021-07-22 17:17:43'::timestamp);
insert into orders_history (order_id, status, ts) values ('7042073391442181054', 'CREATED', '2021-07-22 17:17:43'::timestamp);
insert into stocks (product, stock, ts) values ('Люстра', 62, '2021-07-22 17:18:00'::timestamp);
insert into orders_history (order_id, status, ts) values ('5857319876704782461', 'COMPLETED', '2021-07-22 17:32:00'::timestamp);
insert into orders (order_id, product, qty, ts) values ('8094690631554928763', 'Камин', 15, '2021-07-22 17:32:53'::timestamp);
insert into orders_history (order_id, status, ts) values ('8094690631554928763', 'CREATED', '2021-07-22 17:32:53'::timestamp);
insert into stocks (product, stock, ts) values ('Камин', 100, '2021-07-22 17:33:00'::timestamp);
insert into orders_history (order_id, status, ts) values ('169702154273632000', 'COMPLETED', '2021-07-22 17:43:00'::timestamp);
insert into stocks (product, stock, ts) values ('Шпатель', 180, '2021-07-22 17:56:00'::timestamp);
insert into orders_history (order_id, status, ts) values ('1324720347097814161', 'COMPLETED', '2021-07-22 18:09:00'::timestamp);
insert into stocks (product, stock, ts) values ('Швабра', 27, '2021-07-22 18:15:00'::timestamp);
insert into orders_history (order_id, status, ts) values ('517904142052507455', 'COMPLETED', '2021-07-22 18:18:00'::timestamp);
insert into orders_history (order_id, status, ts) values ('8094690631554928763', 'CANCELLED', '2021-07-22 18:22:32'::timestamp);
insert into stocks (product, stock, ts) values ('Камин', 115, '2021-07-22 18:23:00'::timestamp);
insert into orders_history (order_id, status, ts) values ('1407427831471796676', 'COMPLETED', '2021-07-22 18:31:00'::timestamp);
insert into orders (order_id, product, qty, ts) values ('6166017650043020740', 'Шпатель', 3, '2021-07-22 18:37:48'::timestamp);
insert into orders_history (order_id, status, ts) values ('6166017650043020740', 'CREATED', '2021-07-22 18:37:48'::timestamp);
insert into stocks (product, stock, ts) values ('Шпатель', 177, '2021-07-22 18:38:00'::timestamp);
insert into stocks (product, stock, ts) values ('Отвертка', 45, '2021-07-22 18:41:00'::timestamp);
insert into stocks (product, stock, ts) values ('Отвертка', 105, '2021-07-22 18:46:00'::timestamp);
insert into orders_history (order_id, status, ts) values ('6357684603799354028', 'COMPLETED', '2021-07-22 18:55:00'::timestamp);
insert into stocks (product, stock, ts) values ('Газонокосилка', 238, '2021-07-22 19:06:00'::timestamp);
insert into stocks (product, stock, ts) values ('Перфоратор', 30, '2021-07-22 19:11:00'::timestamp);
insert into stocks (product, stock, ts) values ('Газонокосилка', 265, '2021-07-22 19:16:00'::timestamp);
insert into orders_history (order_id, status, ts) values ('7486691672817495555', 'COMPLETED', '2021-07-22 19:17:00'::timestamp);
insert into stocks (product, stock, ts) values ('Люстра', 58, '2021-07-22 19:25:00'::timestamp);
insert into stocks (product, stock, ts) values ('Шпатель', 164, '2021-07-22 19:34:00'::timestamp);
insert into stocks (product, stock, ts) values ('Камин', 96, '2021-07-22 19:40:00'::timestamp);
insert into orders (order_id, product, qty, ts) values ('1147528825196595977', 'Газонокосилка', 10, '2021-07-22 19:50:57'::timestamp);
insert into orders_history (order_id, status, ts) values ('1147528825196595977', 'CREATED', '2021-07-22 19:50:57'::timestamp);
insert into stocks (product, stock, ts) values ('Газонокосилка', 255, '2021-07-22 19:51:00'::timestamp);
insert into orders (order_id, product, qty, ts) values ('8329988613751799979', 'Люстра', 1, '2021-07-22 20:05:54'::timestamp);
insert into orders_history (order_id, status, ts) values ('8329988613751799979', 'CREATED', '2021-07-22 20:05:54'::timestamp);
insert into stocks (product, stock, ts) values ('Люстра', 57, '2021-07-22 20:06:00'::timestamp);
insert into orders (order_id, product, qty, ts) values ('7503091268007845721', 'Лампочка', 2, '2021-07-22 20:10:36'::timestamp);
insert into orders_history (order_id, status, ts) values ('7503091268007845721', 'CREATED', '2021-07-22 20:10:36'::timestamp);
insert into stocks (product, stock, ts) values ('Лампочка', 344, '2021-07-22 20:11:00'::timestamp);
insert into orders (order_id, product, qty, ts) values ('1232279176221075328', 'Люстра', 2, '2021-07-22 20:25:50'::timestamp);
insert into orders_history (order_id, status, ts) values ('1232279176221075328', 'CREATED', '2021-07-22 20:25:50'::timestamp);
insert into stocks (product, stock, ts) values ('Люстра', 55, '2021-07-22 20:26:00'::timestamp);
insert into stocks (product, stock, ts) values ('Камин', 90, '2021-07-22 20:34:00'::timestamp);
insert into orders_history (order_id, status, ts) values ('3022017738742361577', 'COMPLETED', '2021-07-22 20:42:00'::timestamp);
insert into orders (order_id, product, qty, ts) values ('6463533637566136541', 'Лампочка', 6, '2021-07-22 20:56:33'::timestamp);
insert into orders_history (order_id, status, ts) values ('6463533637566136541', 'CREATED', '2021-07-22 20:56:33'::timestamp);
insert into stocks (product, stock, ts) values ('Лампочка', 338, '2021-07-22 20:57:00'::timestamp);
insert into orders (order_id, product, qty, ts) values ('8543188849704636189', 'Лампочка', 15, '2021-07-22 21:01:47'::timestamp);
insert into orders_history (order_id, status, ts) values ('8543188849704636189', 'CREATED', '2021-07-22 21:01:47'::timestamp);
insert into stocks (product, stock, ts) values ('Лампочка', 323, '2021-07-22 21:02:00'::timestamp);
insert into orders (order_id, product, qty, ts) values ('360464980128550346', 'Газонокосилка', 10, '2021-07-22 21:05:59'::timestamp);
insert into orders_history (order_id, status, ts) values ('360464980128550346', 'CREATED', '2021-07-22 21:05:59'::timestamp);
insert into stocks (product, stock, ts) values ('Газонокосилка', 245, '2021-07-22 21:06:00'::timestamp);
insert into orders_history (order_id, status, ts) values ('7042073391442181054', 'COMPLETED', '2021-07-22 21:10:00'::timestamp);
insert into orders (order_id, product, qty, ts) values ('853195576846400776', 'Люстра', 8, '2021-07-22 21:17:55'::timestamp);
insert into orders_history (order_id, status, ts) values ('853195576846400776', 'CREATED', '2021-07-22 21:17:55'::timestamp);
insert into stocks (product, stock, ts) values ('Люстра', 47, '2021-07-22 21:18:00'::timestamp);
insert into orders_history (order_id, status, ts) values ('853195576846400776', 'CANCELLED', '2021-07-22 21:22:58'::timestamp);
insert into stocks (product, stock, ts) values ('Люстра', 55, '2021-07-22 21:23:00'::timestamp);
insert into stocks (product, stock, ts) values ('Камин', 85, '2021-07-22 21:37:00'::timestamp);
insert into stocks (product, stock, ts) values ('Люстра', 46, '2021-07-22 21:49:00'::timestamp);
insert into orders_history (order_id, status, ts) values ('6731441771346731544', 'COMPLETED', '2021-07-22 21:52:00'::timestamp);
insert into stocks (product, stock, ts) values ('Швабра', 124, '2021-07-22 21:57:00'::timestamp);
insert into orders (order_id, product, qty, ts) values ('6939121638595406821', 'Камин', 10, '2021-07-22 22:10:42'::timestamp);
insert into orders_history (order_id, status, ts) values ('6939121638595406821', 'CREATED', '2021-07-22 22:10:42'::timestamp);
insert into stocks (product, stock, ts) values ('Камин', 75, '2021-07-22 22:11:00'::timestamp);
insert into stocks (product, stock, ts) values ('Отвертка', 91, '2021-07-22 22:14:00'::timestamp);
insert into stocks (product, stock, ts) values ('Люстра', 90, '2021-07-22 22:25:00'::timestamp);
insert into orders_history (order_id, status, ts) values ('941854593687057303', 'COMPLETED', '2021-07-22 22:35:00'::timestamp);
insert into orders (order_id, product, qty, ts) values ('727075903914677012', 'Шпатель', 15, '2021-07-22 22:35:44'::timestamp);
insert into orders_history (order_id, status, ts) values ('727075903914677012', 'CREATED', '2021-07-22 22:35:44'::timestamp);
insert into stocks (product, stock, ts) values ('Шпатель', 149, '2021-07-22 22:36:00'::timestamp);
insert into orders (order_id, product, qty, ts) values ('4121775091653182880', 'Люстра', 11, '2021-07-22 22:45:36'::timestamp);
insert into orders_history (order_id, status, ts) values ('4121775091653182880', 'CREATED', '2021-07-22 22:45:36'::timestamp);
insert into stocks (product, stock, ts) values ('Люстра', 79, '2021-07-22 22:46:00'::timestamp);
insert into orders_history (order_id, status, ts) values ('6785202200733860914', 'CANCELLED', '2021-07-22 22:51:39'::timestamp);
insert into stocks (product, stock, ts) values ('Лампочка', 324, '2021-07-22 22:52:00'::timestamp);
insert into orders (order_id, product, qty, ts) values ('6830315242770348095', 'Шпатель', 3, '2021-07-22 23:03:58'::timestamp);
insert into orders_history (order_id, status, ts) values ('6830315242770348095', 'CREATED', '2021-07-22 23:03:58'::timestamp);
insert into stocks (product, stock, ts) values ('Шпатель', 146, '2021-07-22 23:04:00'::timestamp);
insert into orders_history (order_id, status, ts) values ('8712803219642346833', 'COMPLETED', '2021-07-23 09:04:00'::timestamp);
insert into orders_history (order_id, status, ts) values ('727075903914677012', 'COMPLETED', '2021-07-23 09:15:00'::timestamp);
insert into orders_history (order_id, status, ts) values ('1147528825196595977', 'COMPLETED', '2021-07-23 09:22:00'::timestamp);
insert into orders_history (order_id, status, ts) values ('1255692396269672332', 'COMPLETED', '2021-07-23 09:28:00'::timestamp);
insert into orders_history (order_id, status, ts) values ('1232279176221075328', 'COMPLETED', '2021-07-23 09:33:00'::timestamp);
insert into orders_history (order_id, status, ts) values ('360464980128550346', 'COMPLETED', '2021-07-23 09:39:00'::timestamp);
insert into stocks (product, stock, ts) values ('Газонокосилка', 234, '2021-07-23 09:47:00'::timestamp);
insert into orders_history (order_id, status, ts) values ('6166017650043020740', 'COMPLETED', '2021-07-23 09:57:00'::timestamp);
insert into orders_history (order_id, status, ts) values ('8499827872566190039', 'COMPLETED', '2021-07-23 10:11:00'::timestamp);
insert into orders_history (order_id, status, ts) values ('6463533637566136541', 'COMPLETED', '2021-07-23 10:14:00'::timestamp);
insert into orders_history (order_id, status, ts) values ('6830315242770348095', 'COMPLETED', '2021-07-23 10:15:00'::timestamp);
insert into orders_history (order_id, status, ts) values ('8329988613751799979', 'COMPLETED', '2021-07-23 10:24:00'::timestamp);
insert into stocks (product, stock, ts) values ('Газонокосилка', 233, '2021-07-23 10:36:00'::timestamp);
insert into orders_history (order_id, status, ts) values ('7503091268007845721', 'COMPLETED', '2021-07-23 10:45:00'::timestamp);
insert into stocks (product, stock, ts) values ('Лампочка', 372, '2021-07-23 10:49:00'::timestamp);
insert into stocks (product, stock, ts) values ('Шпатель', 223, '2021-07-23 10:52:00'::timestamp);
insert into orders (order_id, product, qty, ts) values ('2349333227491889177', 'Шпатель', 7, '2021-07-23 10:57:52'::timestamp);
insert into orders_history (order_id, status, ts) values ('2349333227491889177', 'CREATED', '2021-07-23 10:57:52'::timestamp);
insert into stocks (product, stock, ts) values ('Шпатель', 216, '2021-07-23 10:58:00'::timestamp);
insert into stocks (product, stock, ts) values ('Люстра', 74, '2021-07-23 10:59:00'::timestamp);
insert into orders_history (order_id, status, ts) values ('4121775091653182880', 'COMPLETED', '2021-07-23 11:03:00'::timestamp);
insert into orders_history (order_id, status, ts) values ('8543188849704636189', 'CANCELLED', '2021-07-23 11:05:53'::timestamp);
insert into stocks (product, stock, ts) values ('Лампочка', 387, '2021-07-23 11:06:00'::timestamp);
insert into orders (order_id, product, qty, ts) values ('3164486687113970015', 'Люстра', 9, '2021-07-23 11:09:52'::timestamp);
insert into orders_history (order_id, status, ts) values ('3164486687113970015', 'CREATED', '2021-07-23 11:09:52'::timestamp);
insert into stocks (product, stock, ts) values ('Люстра', 65, '2021-07-23 11:10:00'::timestamp);
insert into orders (order_id, product, qty, ts) values ('7197862337851002732', 'Шпатель', 12, '2021-07-23 11:12:41'::timestamp);
insert into orders_history (order_id, status, ts) values ('7197862337851002732', 'CREATED', '2021-07-23 11:12:41'::timestamp);
insert into stocks (product, stock, ts) values ('Шпатель', 204, '2021-07-23 11:13:00'::timestamp);
insert into stocks (product, stock, ts) values ('Лампочка', 357, '2021-07-23 11:18:00'::timestamp);
insert into orders_history (order_id, status, ts) values ('6939121638595406821', 'COMPLETED', '2021-07-23 11:28:00'::timestamp);
insert into stocks (product, stock, ts) values ('Перфоратор', 107, '2021-07-23 11:41:00'::timestamp);
insert into stocks (product, stock, ts) values ('Отвертка', 77, '2021-07-23 11:44:00'::timestamp);
insert into stocks (product, stock, ts) values ('Перфоратор', 100, '2021-07-23 11:48:00'::timestamp);
insert into orders (order_id, product, qty, ts) values ('5156443068035763822', 'Газонокосилка', 11, '2021-07-23 11:55:46'::timestamp);
insert into orders_history (order_id, status, ts) values ('5156443068035763822', 'CREATED', '2021-07-23 11:55:46'::timestamp);
insert into stocks (product, stock, ts) values ('Газонокосилка', 222, '2021-07-23 11:56:00'::timestamp);
insert into orders (order_id, product, qty, ts) values ('2709635055088369465', 'Швабра', 12, '2021-07-23 11:56:58'::timestamp);
insert into orders_history (order_id, status, ts) values ('2709635055088369465', 'CREATED', '2021-07-23 11:56:58'::timestamp);
insert into stocks (product, stock, ts) values ('Швабра', 112, '2021-07-23 11:57:00'::timestamp);
insert into orders (order_id, product, qty, ts) values ('4983001423670394289', 'Люстра', 14, '2021-07-23 11:59:48'::timestamp);
insert into orders_history (order_id, status, ts) values ('4983001423670394289', 'CREATED', '2021-07-23 11:59:48'::timestamp);
insert into stocks (product, stock, ts) values ('Люстра', 51, '2021-07-23 12:00:00'::timestamp);
insert into stocks (product, stock, ts) values ('Перфоратор', 168, '2021-07-23 12:05:00'::timestamp);
insert into stocks (product, stock, ts) values ('Люстра', 87, '2021-07-23 12:14:00'::timestamp);
insert into orders (order_id, product, qty, ts) values ('3088553195292748840', 'Швабра', 5, '2021-07-23 12:19:52'::timestamp);
insert into orders_history (order_id, status, ts) values ('3088553195292748840', 'CREATED', '2021-07-23 12:19:52'::timestamp);
insert into stocks (product, stock, ts) values ('Швабра', 107, '2021-07-23 12:20:00'::timestamp);
insert into stocks (product, stock, ts) values ('Камин', 66, '2021-07-23 12:26:00'::timestamp);
insert into stocks (product, stock, ts) values ('Перфоратор', 167, '2021-07-23 12:41:00'::timestamp);
insert into stocks (product, stock, ts) values ('Перфоратор', 164, '2021-07-23 12:46:00'::timestamp);
insert into stocks (product, stock, ts) values ('Отвертка', 119, '2021-07-23 12:51:00'::timestamp);
insert into orders (order_id, product, qty, ts) values ('7931746098751652958', 'Перфоратор', 8, '2021-07-23 13:04:53'::timestamp);
insert into orders_history (order_id, status, ts) values ('7931746098751652958', 'CREATED', '2021-07-23 13:04:53'::timestamp);
insert into stocks (product, stock, ts) values ('Перфоратор', 156, '2021-07-23 13:05:00'::timestamp);
insert into orders_history (order_id, status, ts) values ('7197862337851002732', 'CANCELLED', '2021-07-23 13:10:33'::timestamp);
insert into stocks (product, stock, ts) values ('Шпатель', 216, '2021-07-23 13:11:00'::timestamp);
insert into orders_history (order_id, status, ts) values ('2709635055088369465', 'COMPLETED', '2021-07-23 13:22:00'::timestamp);
insert into stocks (product, stock, ts) values ('Газонокосилка', 219, '2021-07-23 13:33:00'::timestamp);
insert into stocks (product, stock, ts) values ('Лампочка', 354, '2021-07-23 13:41:00'::timestamp);
insert into orders (order_id, product, qty, ts) values ('8307339916048745502', 'Шпатель', 14, '2021-07-23 13:47:50'::timestamp);
insert into orders_history (order_id, status, ts) values ('8307339916048745502', 'CREATED', '2021-07-23 13:47:50'::timestamp);
insert into stocks (product, stock, ts) values ('Шпатель', 190, '2021-07-23 13:48:00'::timestamp);
insert into stocks (product, stock, ts) values ('Шпатель', 188, '2021-07-23 13:58:00'::timestamp);
insert into orders (order_id, product, qty, ts) values ('3308779854101570048', 'Люстра', 10, '2021-07-23 14:03:33'::timestamp);
insert into orders_history (order_id, status, ts) values ('3308779854101570048', 'CREATED', '2021-07-23 14:03:33'::timestamp);
insert into stocks (product, stock, ts) values ('Люстра', 77, '2021-07-23 14:04:00'::timestamp);
insert into orders_history (order_id, status, ts) values ('5156443068035763822', 'COMPLETED', '2021-07-23 14:11:00'::timestamp);
insert into stocks (product, stock, ts) values ('Камин', 107, '2021-07-23 14:22:00'::timestamp);
insert into stocks (product, stock, ts) values ('Отвертка', 116, '2021-07-23 14:29:00'::timestamp);
insert into orders (order_id, product, qty, ts) values ('4918659883090212406', 'Перфоратор', 9, '2021-07-23 14:32:53'::timestamp);
insert into orders_history (order_id, status, ts) values ('4918659883090212406', 'CREATED', '2021-07-23 14:32:53'::timestamp);
insert into stocks (product, stock, ts) values ('Перфоратор', 147, '2021-07-23 14:33:00'::timestamp);
insert into orders (order_id, product, qty, ts) values ('89879056492064107', 'Перфоратор', 7, '2021-07-23 14:46:50'::timestamp);
insert into orders_history (order_id, status, ts) values ('89879056492064107', 'CREATED', '2021-07-23 14:46:50'::timestamp);
insert into stocks (product, stock, ts) values ('Перфоратор', 140, '2021-07-23 14:47:00'::timestamp);
insert into orders (order_id, product, qty, ts) values ('6238454089823811349', 'Шпатель', 9, '2021-07-23 15:00:47'::timestamp);
insert into orders_history (order_id, status, ts) values ('6238454089823811349', 'CREATED', '2021-07-23 15:00:47'::timestamp);
insert into stocks (product, stock, ts) values ('Шпатель', 179, '2021-07-23 15:01:00'::timestamp);
insert into orders_history (order_id, status, ts) values ('3088553195292748840', 'COMPLETED', '2021-07-23 15:14:00'::timestamp);
insert into orders (order_id, product, qty, ts) values ('6915854570946211762', 'Люстра', 1, '2021-07-23 15:20:39'::timestamp);
insert into orders_history (order_id, status, ts) values ('6915854570946211762', 'CREATED', '2021-07-23 15:20:39'::timestamp);
insert into stocks (product, stock, ts) values ('Люстра', 76, '2021-07-23 15:21:00'::timestamp);
insert into stocks (product, stock, ts) values ('Швабра', 95, '2021-07-23 15:22:00'::timestamp);
insert into stocks (product, stock, ts) values ('Перфоратор', 134, '2021-07-23 15:27:00'::timestamp);
insert into stocks (product, stock, ts) values ('Перфоратор', 224, '2021-07-23 15:36:00'::timestamp);
insert into stocks (product, stock, ts) values ('Камин', 96, '2021-07-23 15:51:00'::timestamp);
insert into orders_history (order_id, status, ts) values ('4983001423670394289', 'COMPLETED', '2021-07-23 16:02:00'::timestamp);
insert into orders (order_id, product, qty, ts) values ('5588873669506468246', 'Перфоратор', 15, '2021-07-23 16:03:32'::timestamp);
insert into orders_history (order_id, status, ts) values ('5588873669506468246', 'CREATED', '2021-07-23 16:03:32'::timestamp);
insert into stocks (product, stock, ts) values ('Перфоратор', 209, '2021-07-23 16:04:00'::timestamp);
insert into orders (order_id, product, qty, ts) values ('8517592410410601813', 'Шпатель', 8, '2021-07-23 16:17:59'::timestamp);
insert into orders_history (order_id, status, ts) values ('8517592410410601813', 'CREATED', '2021-07-23 16:17:59'::timestamp);
insert into stocks (product, stock, ts) values ('Шпатель', 171, '2021-07-23 16:18:00'::timestamp);
insert into stocks (product, stock, ts) values ('Люстра', 74, '2021-07-23 16:21:00'::timestamp);
insert into stocks (product, stock, ts) values ('Шпатель', 162, '2021-07-23 16:24:00'::timestamp);
insert into orders (order_id, product, qty, ts) values ('6869665555749677106', 'Лампочка', 4, '2021-07-23 16:38:59'::timestamp);
insert into orders_history (order_id, status, ts) values ('6869665555749677106', 'CREATED', '2021-07-23 16:38:59'::timestamp);
insert into stocks (product, stock, ts) values ('Лампочка', 350, '2021-07-23 16:39:00'::timestamp);
insert into orders_history (order_id, status, ts) values ('7931746098751652958', 'CANCELLED', '2021-07-23 16:50:40'::timestamp);
insert into stocks (product, stock, ts) values ('Перфоратор', 217, '2021-07-23 16:51:00'::timestamp);
insert into stocks (product, stock, ts) values ('Камин', 85, '2021-07-23 16:58:00'::timestamp);
insert into orders (order_id, product, qty, ts) values ('5090302871616017784', 'Шпатель', 5, '2021-07-23 16:59:59'::timestamp);
insert into orders_history (order_id, status, ts) values ('5090302871616017784', 'CREATED', '2021-07-23 16:59:59'::timestamp);
insert into stocks (product, stock, ts) values ('Шпатель', 157, '2021-07-23 17:00:00'::timestamp);
insert into orders_history (order_id, status, ts) values ('2349333227491889177', 'COMPLETED', '2021-07-23 17:14:00'::timestamp);
insert into orders_history (order_id, status, ts) values ('5588873669506468246', 'CANCELLED', '2021-07-23 17:23:32'::timestamp);
insert into stocks (product, stock, ts) values ('Перфоратор', 224, '2021-07-23 17:24:00'::timestamp);
insert into orders_history (order_id, status, ts) values ('5090302871616017784', 'CANCELLED', '2021-07-23 17:26:35'::timestamp);
insert into stocks (product, stock, ts) values ('Шпатель', 162, '2021-07-23 17:27:00'::timestamp);
insert into stocks (product, stock, ts) values ('Камин', 77, '2021-07-23 17:37:00'::timestamp);
insert into orders_history (order_id, status, ts) values ('8307339916048745502', 'COMPLETED', '2021-07-23 17:51:00'::timestamp);
insert into stocks (product, stock, ts) values ('Шпатель', 154, '2021-07-23 18:04:00'::timestamp);
insert into orders_history (order_id, status, ts) values ('6869665555749677106', 'COMPLETED', '2021-07-23 18:18:00'::timestamp);
insert into orders_history (order_id, status, ts) values ('4918659883090212406', 'COMPLETED', '2021-07-23 18:29:00'::timestamp);
insert into orders (order_id, product, qty, ts) values ('331699238832872148', 'Перфоратор', 5, '2021-07-23 18:31:40'::timestamp);
insert into orders_history (order_id, status, ts) values ('331699238832872148', 'CREATED', '2021-07-23 18:31:40'::timestamp);
insert into stocks (product, stock, ts) values ('Перфоратор', 204, '2021-07-23 18:32:00'::timestamp);
insert into stocks (product, stock, ts) values ('Газонокосилка', 216, '2021-07-23 18:36:00'::timestamp);
insert into orders_history (order_id, status, ts) values ('3308779854101570048', 'COMPLETED', '2021-07-23 18:44:00'::timestamp);
insert into stocks (product, stock, ts) values ('Отвертка', 102, '2021-07-23 18:57:00'::timestamp);
insert into orders (order_id, product, qty, ts) values ('5842314724004906743', 'Люстра', 4, '2021-07-23 19:01:49'::timestamp);
insert into orders_history (order_id, status, ts) values ('5842314724004906743', 'CREATED', '2021-07-23 19:01:49'::timestamp);
insert into stocks (product, stock, ts) values ('Люстра', 70, '2021-07-23 19:02:00'::timestamp);
insert into stocks (product, stock, ts) values ('Перфоратор', 200, '2021-07-23 19:09:00'::timestamp);
insert into stocks (product, stock, ts) values ('Газонокосилка', 209, '2021-07-23 19:15:00'::timestamp);
insert into orders_history (order_id, status, ts) values ('3164486687113970015', 'COMPLETED', '2021-07-23 19:20:00'::timestamp);
insert into stocks (product, stock, ts) values ('Газонокосилка', 201, '2021-07-23 19:21:00'::timestamp);
insert into orders_history (order_id, status, ts) values ('8517592410410601813', 'COMPLETED', '2021-07-23 19:23:00'::timestamp);
insert into orders (order_id, product, qty, ts) values ('8884734532095870843', 'Шпатель', 10, '2021-07-23 19:31:42'::timestamp);
insert into orders_history (order_id, status, ts) values ('8884734532095870843', 'CREATED', '2021-07-23 19:31:42'::timestamp);
insert into stocks (product, stock, ts) values ('Шпатель', 144, '2021-07-23 19:32:00'::timestamp);
insert into stocks (product, stock, ts) values ('Люстра', 122, '2021-07-23 19:40:00'::timestamp);
insert into orders_history (order_id, status, ts) values ('6915854570946211762', 'CANCELLED', '2021-07-23 19:43:51'::timestamp);
insert into stocks (product, stock, ts) values ('Люстра', 123, '2021-07-23 19:44:00'::timestamp);
insert into orders (order_id, product, qty, ts) values ('7492661655272204175', 'Швабра', 5, '2021-07-23 19:55:48'::timestamp);
insert into orders_history (order_id, status, ts) values ('7492661655272204175', 'CREATED', '2021-07-23 19:55:48'::timestamp);
insert into stocks (product, stock, ts) values ('Швабра', 90, '2021-07-23 19:56:00'::timestamp);
insert into orders_history (order_id, status, ts) values ('7492661655272204175', 'CANCELLED', '2021-07-23 20:08:39'::timestamp);
insert into stocks (product, stock, ts) values ('Швабра', 95, '2021-07-23 20:09:00'::timestamp);
insert into orders (order_id, product, qty, ts) values ('2676279176570510022', 'Лампочка', 7, '2021-07-23 20:17:42'::timestamp);
insert into orders_history (order_id, status, ts) values ('2676279176570510022', 'CREATED', '2021-07-23 20:17:42'::timestamp);
insert into stocks (product, stock, ts) values ('Лампочка', 343, '2021-07-23 20:18:00'::timestamp);
insert into stocks (product, stock, ts) values ('Газонокосилка', 196, '2021-07-23 20:29:00'::timestamp);
insert into orders (order_id, product, qty, ts) values ('5209160273798909077', 'Перфоратор', 7, '2021-07-23 20:37:53'::timestamp);
insert into orders_history (order_id, status, ts) values ('5209160273798909077', 'CREATED', '2021-07-23 20:37:53'::timestamp);
insert into stocks (product, stock, ts) values ('Перфоратор', 193, '2021-07-23 20:38:00'::timestamp);
insert into orders_history (order_id, status, ts) values ('6238454089823811349', 'COMPLETED', '2021-07-23 20:43:00'::timestamp);
insert into stocks (product, stock, ts) values ('Отвертка', 128, '2021-07-23 20:45:00'::timestamp);
insert into orders (order_id, product, qty, ts) values ('4746762182546767705', 'Камин', 11, '2021-07-23 20:59:32'::timestamp);
insert into orders_history (order_id, status, ts) values ('4746762182546767705', 'CREATED', '2021-07-23 20:59:32'::timestamp);
insert into stocks (product, stock, ts) values ('Камин', 66, '2021-07-23 21:00:00'::timestamp);
insert into orders (order_id, product, qty, ts) values ('537152510568839228', 'Швабра', 8, '2021-07-23 21:03:36'::timestamp);
insert into orders_history (order_id, status, ts) values ('537152510568839228', 'CREATED', '2021-07-23 21:03:36'::timestamp);
insert into stocks (product, stock, ts) values ('Швабра', 82, '2021-07-23 21:04:00'::timestamp);
insert into stocks (product, stock, ts) values ('Газонокосилка', 186, '2021-07-23 21:11:00'::timestamp);
insert into orders (order_id, product, qty, ts) values ('5190151114258599906', 'Перфоратор', 15, '2021-07-23 21:25:51'::timestamp);
insert into orders_history (order_id, status, ts) values ('5190151114258599906', 'CREATED', '2021-07-23 21:25:51'::timestamp);
insert into stocks (product, stock, ts) values ('Перфоратор', 178, '2021-07-23 21:26:00'::timestamp);
insert into orders (order_id, product, qty, ts) values ('2623554399872202007', 'Отвертка', 6, '2021-07-23 21:31:54'::timestamp);
insert into orders_history (order_id, status, ts) values ('2623554399872202007', 'CREATED', '2021-07-23 21:31:54'::timestamp);
insert into stocks (product, stock, ts) values ('Отвертка', 122, '2021-07-23 21:32:00'::timestamp);
insert into orders_history (order_id, status, ts) values ('8884734532095870843', 'COMPLETED', '2021-07-23 21:41:00'::timestamp);
insert into stocks (product, stock, ts) values ('Шпатель', 130, '2021-07-23 21:43:00'::timestamp);
insert into orders (order_id, product, qty, ts) values ('4804269276381456773', 'Перфоратор', 9, '2021-07-23 21:49:57'::timestamp);
insert into orders_history (order_id, status, ts) values ('4804269276381456773', 'CREATED', '2021-07-23 21:49:57'::timestamp);
insert into stocks (product, stock, ts) values ('Перфоратор', 169, '2021-07-23 21:50:00'::timestamp);
insert into orders_history (order_id, status, ts) values ('4746762182546767705', 'CANCELLED', '2021-07-23 22:04:51'::timestamp);
insert into stocks (product, stock, ts) values ('Камин', 77, '2021-07-23 22:05:00'::timestamp);
insert into orders (order_id, product, qty, ts) values ('6584129901162144047', 'Шпатель', 1, '2021-07-23 22:12:49'::timestamp);
insert into orders_history (order_id, status, ts) values ('6584129901162144047', 'CREATED', '2021-07-23 22:12:49'::timestamp);
insert into stocks (product, stock, ts) values ('Шпатель', 129, '2021-07-23 22:13:00'::timestamp);
insert into orders_history (order_id, status, ts) values ('89879056492064107', 'COMPLETED', '2021-07-23 22:16:00'::timestamp);
insert into orders_history (order_id, status, ts) values ('537152510568839228', 'CANCELLED', '2021-07-23 22:18:59'::timestamp);
insert into stocks (product, stock, ts) values ('Швабра', 90, '2021-07-23 22:19:00'::timestamp);
insert into stocks (product, stock, ts) values ('Шпатель', 123, '2021-07-23 22:22:00'::timestamp);
insert into orders (order_id, product, qty, ts) values ('9179311305053268721', 'Люстра', 7, '2021-07-23 22:35:54'::timestamp);
insert into orders_history (order_id, status, ts) values ('9179311305053268721', 'CREATED', '2021-07-23 22:35:54'::timestamp);
insert into stocks (product, stock, ts) values ('Люстра', 115, '2021-07-23 22:36:00'::timestamp);
insert into stocks (product, stock, ts) values ('Перфоратор', 165, '2021-07-23 22:40:00'::timestamp);
insert into stocks (product, stock, ts) values ('Отвертка', 121, '2021-07-23 22:48:00'::timestamp);
insert into orders (order_id, product, qty, ts) values ('8392384768385806765', 'Шпатель', 10, '2021-07-23 22:49:52'::timestamp);
insert into orders_history (order_id, status, ts) values ('8392384768385806765', 'CREATED', '2021-07-23 22:49:52'::timestamp);
insert into stocks (product, stock, ts) values ('Шпатель', 113, '2021-07-23 22:50:00'::timestamp);
insert into orders (order_id, product, qty, ts) values ('6594871743641309223', 'Люстра', 6, '2021-07-23 22:57:58'::timestamp);
insert into orders_history (order_id, status, ts) values ('6594871743641309223', 'CREATED', '2021-07-23 22:57:58'::timestamp);
insert into stocks (product, stock, ts) values ('Люстра', 109, '2021-07-23 22:58:00'::timestamp);
insert into orders_history (order_id, status, ts) values ('2676279176570510022', 'COMPLETED', '2021-07-23 23:08:00'::timestamp);
insert into orders_history (order_id, status, ts) values ('331699238832872148', 'COMPLETED', '2021-07-24 09:08:00'::timestamp);
insert into orders_history (order_id, status, ts) values ('5190151114258599906', 'COMPLETED', '2021-07-24 09:15:00'::timestamp);
insert into orders_history (order_id, status, ts) values ('2623554399872202007', 'COMPLETED', '2021-07-24 09:24:00'::timestamp);
insert into orders_history (order_id, status, ts) values ('5842314724004906743', 'CANCELLED', '2021-07-24 09:35:47'::timestamp);
insert into stocks (product, stock, ts) values ('Люстра', 113, '2021-07-24 09:36:00'::timestamp);
insert into orders (order_id, product, qty, ts) values ('7549688295589352043', 'Перфоратор', 6, '2021-07-24 09:49:31'::timestamp);
insert into orders_history (order_id, status, ts) values ('7549688295589352043', 'CREATED', '2021-07-24 09:49:31'::timestamp);
insert into stocks (product, stock, ts) values ('Перфоратор', 159, '2021-07-24 09:50:00'::timestamp);
insert into stocks (product, stock, ts) values ('Отвертка', 218, '2021-07-24 09:54:00'::timestamp);
insert into stocks (product, stock, ts) values ('Газонокосилка', 184, '2021-07-24 10:07:00'::timestamp);
insert into orders_history (order_id, status, ts) values ('8392384768385806765', 'COMPLETED', '2021-07-24 10:18:00'::timestamp);
insert into orders_history (order_id, status, ts) values ('4804269276381456773', 'COMPLETED', '2021-07-24 10:22:00'::timestamp);
insert into stocks (product, stock, ts) values ('Перфоратор', 148, '2021-07-24 10:24:00'::timestamp);
insert into orders_history (order_id, status, ts) values ('5209160273798909077', 'COMPLETED', '2021-07-24 10:31:00'::timestamp);
insert into stocks (product, stock, ts) values ('Лампочка', 333, '2021-07-24 10:37:00'::timestamp);
insert into stocks (product, stock, ts) values ('Отвертка', 207, '2021-07-24 10:50:00'::timestamp);
insert into orders_history (order_id, status, ts) values ('9179311305053268721', 'CANCELLED', '2021-07-24 10:58:00'::timestamp);
insert into stocks (product, stock, ts) values ('Люстра', 116, '2021-07-24 10:58:00'::timestamp);
insert into stocks (product, stock, ts) values ('Газонокосилка', 180, '2021-07-24 11:12:00'::timestamp);
insert into orders (order_id, product, qty, ts) values ('3575009055768149235', 'Газонокосилка', 11, '2021-07-24 11:23:59'::timestamp);
insert into orders_history (order_id, status, ts) values ('3575009055768149235', 'CREATED', '2021-07-24 11:23:59'::timestamp);
insert into stocks (product, stock, ts) values ('Газонокосилка', 169, '2021-07-24 11:24:00'::timestamp);
insert into stocks (product, stock, ts) values ('Шпатель', 125, '2021-07-24 11:36:00'::timestamp);
insert into orders_history (order_id, status, ts) values ('3575009055768149235', 'CANCELLED', '2021-07-24 11:41:35'::timestamp);
insert into stocks (product, stock, ts) values ('Газонокосилка', 180, '2021-07-24 11:42:00'::timestamp);
insert into orders (order_id, product, qty, ts) values ('4665301126958195770', 'Камин', 10, '2021-07-24 11:54:59'::timestamp);
insert into orders_history (order_id, status, ts) values ('4665301126958195770', 'CREATED', '2021-07-24 11:54:59'::timestamp);
insert into stocks (product, stock, ts) values ('Камин', 56, '2021-07-24 11:55:00'::timestamp);
insert into stocks (product, stock, ts) values ('Перфоратор', 141, '2021-07-24 12:00:00'::timestamp);
insert into orders_history (order_id, status, ts) values ('6594871743641309223', 'CANCELLED', '2021-07-24 12:10:36'::timestamp);
insert into stocks (product, stock, ts) values ('Люстра', 115, '2021-07-24 12:11:00'::timestamp);
insert into stocks (product, stock, ts) values ('Камин', 44, '2021-07-24 12:25:00'::timestamp);
insert into stocks (product, stock, ts) values ('Газонокосилка', 167, '2021-07-24 12:34:00'::timestamp);
insert into orders (order_id, product, qty, ts) values ('4938654099572346657', 'Швабра', 13, '2021-07-24 12:35:31'::timestamp);
insert into orders_history (order_id, status, ts) values ('4938654099572346657', 'CREATED', '2021-07-24 12:35:31'::timestamp);
insert into stocks (product, stock, ts) values ('Швабра', 69, '2021-07-24 12:36:00'::timestamp);
insert into stocks (product, stock, ts) values ('Газонокосилка', 161, '2021-07-24 12:47:00'::timestamp);
insert into stocks (product, stock, ts) values ('Отвертка', 300, '2021-07-24 12:58:00'::timestamp);
insert into stocks (product, stock, ts) values ('Шпатель', 123, '2021-07-24 13:02:00'::timestamp);
insert into stocks (product, stock, ts) values ('Камин', 38, '2021-07-24 13:11:00'::timestamp);
insert into stocks (product, stock, ts) values ('Люстра', 107, '2021-07-24 13:12:00'::timestamp);
insert into orders_history (order_id, status, ts) values ('6584129901162144047', 'COMPLETED', '2021-07-24 13:14:00'::timestamp);
insert into orders (order_id, product, qty, ts) values ('6689320612261769233', 'Лампочка', 1, '2021-07-24 13:17:41'::timestamp);
insert into orders_history (order_id, status, ts) values ('6689320612261769233', 'CREATED', '2021-07-24 13:17:41'::timestamp);
insert into stocks (product, stock, ts) values ('Лампочка', 332, '2021-07-24 13:18:00'::timestamp);
insert into orders (order_id, product, qty, ts) values ('6641903136945604192', 'Газонокосилка', 8, '2021-07-24 13:21:39'::timestamp);
insert into orders_history (order_id, status, ts) values ('6641903136945604192', 'CREATED', '2021-07-24 13:21:39'::timestamp);
insert into stocks (product, stock, ts) values ('Газонокосилка', 153, '2021-07-24 13:22:00'::timestamp);
insert into stocks (product, stock, ts) values ('Люстра', 99, '2021-07-24 13:35:00'::timestamp);
insert into orders (order_id, product, qty, ts) values ('2357859988486009441', 'Швабра', 4, '2021-07-24 13:45:45'::timestamp);
insert into orders_history (order_id, status, ts) values ('2357859988486009441', 'CREATED', '2021-07-24 13:45:45'::timestamp);
insert into stocks (product, stock, ts) values ('Швабра', 65, '2021-07-24 13:46:00'::timestamp);
insert into orders_history (order_id, status, ts) values ('7549688295589352043', 'CANCELLED', '2021-07-24 13:47:48'::timestamp);
insert into stocks (product, stock, ts) values ('Перфоратор', 147, '2021-07-24 13:48:00'::timestamp);
insert into stocks (product, stock, ts) values ('Швабра', 92, '2021-07-24 13:53:00'::timestamp);
insert into orders (order_id, product, qty, ts) values ('4332647699556603346', 'Перфоратор', 7, '2021-07-24 13:53:56'::timestamp);
insert into orders_history (order_id, status, ts) values ('4332647699556603346', 'CREATED', '2021-07-24 13:53:56'::timestamp);
insert into stocks (product, stock, ts) values ('Перфоратор', 134, '2021-07-24 13:54:00'::timestamp);
insert into orders_history (order_id, status, ts) values ('4665301126958195770', 'COMPLETED', '2021-07-24 14:06:00'::timestamp);
insert into orders (order_id, product, qty, ts) values ('4185190488552419497', 'Камин', 14, '2021-07-24 14:06:49'::timestamp);
insert into orders_history (order_id, status, ts) values ('4185190488552419497', 'CREATED', '2021-07-24 14:06:49'::timestamp);
insert into stocks (product, stock, ts) values ('Камин', 24, '2021-07-24 14:07:00'::timestamp);
insert into orders_history (order_id, status, ts) values ('4938654099572346657', 'CANCELLED', '2021-07-24 14:18:40'::timestamp);
insert into stocks (product, stock, ts) values ('Швабра', 105, '2021-07-24 14:19:00'::timestamp);
insert into orders (order_id, product, qty, ts) values ('36174470537936506', 'Камин', 15, '2021-07-24 14:29:41'::timestamp);
insert into orders_history (order_id, status, ts) values ('36174470537936506', 'CREATED', '2021-07-24 14:29:41'::timestamp);
insert into stocks (product, stock, ts) values ('Камин', 9, '2021-07-24 14:30:00'::timestamp);
insert into orders (order_id, product, qty, ts) values ('3095966322827974415', 'Лампочка', 14, '2021-07-24 14:33:56'::timestamp);
insert into orders_history (order_id, status, ts) values ('3095966322827974415', 'CREATED', '2021-07-24 14:33:56'::timestamp);
insert into stocks (product, stock, ts) values ('Лампочка', 318, '2021-07-24 14:34:00'::timestamp);
insert into orders_history (order_id, status, ts) values ('36174470537936506', 'CANCELLED', '2021-07-24 14:37:49'::timestamp);
insert into stocks (product, stock, ts) values ('Камин', 24, '2021-07-24 14:38:00'::timestamp);
insert into orders (order_id, product, qty, ts) values ('557802557161955540', 'Камин', 3, '2021-07-24 14:50:30'::timestamp);
insert into orders_history (order_id, status, ts) values ('557802557161955540', 'CREATED', '2021-07-24 14:50:30'::timestamp);
insert into stocks (product, stock, ts) values ('Камин', 6, '2021-07-24 14:51:00'::timestamp);
insert into stocks (product, stock, ts) values ('Газонокосилка', 138, '2021-07-24 15:06:00'::timestamp);
insert into stocks (product, stock, ts) values ('Отвертка', 298, '2021-07-24 15:08:00'::timestamp);
insert into orders (order_id, product, qty, ts) values ('2821352814041178219', 'Люстра', 15, '2021-07-24 15:20:57'::timestamp);
insert into orders_history (order_id, status, ts) values ('2821352814041178219', 'CREATED', '2021-07-24 15:20:57'::timestamp);
insert into stocks (product, stock, ts) values ('Люстра', 84, '2021-07-24 15:21:00'::timestamp);
insert into stocks (product, stock, ts) values ('Перфоратор', 129, '2021-07-24 15:26:00'::timestamp);
insert into stocks (product, stock, ts) values ('Отвертка', 290, '2021-07-24 15:28:00'::timestamp);
insert into stocks (product, stock, ts) values ('Перфоратор', 120, '2021-07-24 15:40:00'::timestamp);
insert into orders (order_id, product, qty, ts) values ('5978425820420723691', 'Лампочка', 10, '2021-07-24 15:40:54'::timestamp);
insert into orders_history (order_id, status, ts) values ('5978425820420723691', 'CREATED', '2021-07-24 15:40:54'::timestamp);
insert into stocks (product, stock, ts) values ('Лампочка', 308, '2021-07-24 15:41:00'::timestamp);
insert into orders (order_id, product, qty, ts) values ('6524119906746952971', 'Швабра', 13, '2021-07-24 15:42:30'::timestamp);
insert into orders_history (order_id, status, ts) values ('6524119906746952971', 'CREATED', '2021-07-24 15:42:30'::timestamp);
insert into stocks (product, stock, ts) values ('Швабра', 79, '2021-07-24 15:43:00'::timestamp);
insert into orders (order_id, product, qty, ts) values ('1867786161423713058', 'Швабра', 6, '2021-07-24 15:51:33'::timestamp);
insert into orders_history (order_id, status, ts) values ('1867786161423713058', 'CREATED', '2021-07-24 15:51:33'::timestamp);
insert into stocks (product, stock, ts) values ('Швабра', 73, '2021-07-24 15:52:00'::timestamp);
insert into orders_history (order_id, status, ts) values ('2357859988486009441', 'COMPLETED', '2021-07-24 15:55:00'::timestamp);
insert into orders (order_id, product, qty, ts) values ('4442513647676739766', 'Швабра', 15, '2021-07-24 15:58:47'::timestamp);
insert into orders_history (order_id, status, ts) values ('4442513647676739766', 'CREATED', '2021-07-24 15:58:47'::timestamp);
insert into stocks (product, stock, ts) values ('Швабра', 58, '2021-07-24 15:59:00'::timestamp);
insert into orders (order_id, product, qty, ts) values ('7766256847072716596', 'Камин', 6, '2021-07-24 16:01:51'::timestamp);
insert into orders_history (order_id, status, ts) values ('7766256847072716596', 'CREATED', '2021-07-24 16:01:51'::timestamp);
insert into stocks (product, stock, ts) values ('Камин', 0, '2021-07-24 16:02:00'::timestamp);
insert into stocks (product, stock, ts) values ('Швабра', 52, '2021-07-24 16:12:00'::timestamp);
insert into orders_history (order_id, status, ts) values ('6524119906746952971', 'CANCELLED', '2021-07-24 16:14:35'::timestamp);
insert into stocks (product, stock, ts) values ('Швабра', 65, '2021-07-24 16:15:00'::timestamp);
insert into orders_history (order_id, status, ts) values ('3095966322827974415', 'COMPLETED', '2021-07-24 16:20:00'::timestamp);
insert into stocks (product, stock, ts) values ('Перфоратор', 192, '2021-07-24 16:21:00'::timestamp);
insert into stocks (product, stock, ts) values ('Газонокосилка', 238, '2021-07-24 16:26:00'::timestamp);
insert into stocks (product, stock, ts) values ('Лампочка', 294, '2021-07-24 16:35:00'::timestamp);
insert into orders (order_id, product, qty, ts) values ('8826810726301530246', 'Перфоратор', 5, '2021-07-24 16:47:39'::timestamp);
insert into orders_history (order_id, status, ts) values ('8826810726301530246', 'CREATED', '2021-07-24 16:47:39'::timestamp);
insert into stocks (product, stock, ts) values ('Перфоратор', 187, '2021-07-24 16:48:00'::timestamp);
insert into orders (order_id, product, qty, ts) values ('3886920416914146297', 'Люстра', 8, '2021-07-24 16:51:47'::timestamp);
insert into orders_history (order_id, status, ts) values ('3886920416914146297', 'CREATED', '2021-07-24 16:51:47'::timestamp);
insert into stocks (product, stock, ts) values ('Люстра', 76, '2021-07-24 16:52:00'::timestamp);
insert into stocks (product, stock, ts) values ('Люстра', 143, '2021-07-24 16:59:00'::timestamp);
insert into stocks (product, stock, ts) values ('Отвертка', 288, '2021-07-24 17:07:00'::timestamp);
insert into orders_history (order_id, status, ts) values ('6689320612261769233', 'COMPLETED', '2021-07-24 17:19:00'::timestamp);
insert into stocks (product, stock, ts) values ('Шпатель', 119, '2021-07-24 17:28:00'::timestamp);
insert into stocks (product, stock, ts) values ('Шпатель', 118, '2021-07-24 17:37:00'::timestamp);
insert into orders_history (order_id, status, ts) values ('2821352814041178219', 'COMPLETED', '2021-07-24 17:40:00'::timestamp);
insert into orders_history (order_id, status, ts) values ('557802557161955540', 'CANCELLED', '2021-07-24 17:47:56'::timestamp);
insert into stocks (product, stock, ts) values ('Камин', 3, '2021-07-24 17:48:00'::timestamp);
insert into stocks (product, stock, ts) values ('Швабра', 50, '2021-07-24 18:02:00'::timestamp);
insert into orders (order_id, product, qty, ts) values ('8834920351236185513', 'Перфоратор', 2, '2021-07-24 18:12:33'::timestamp);
insert into orders_history (order_id, status, ts) values ('8834920351236185513', 'CREATED', '2021-07-24 18:12:33'::timestamp);
insert into stocks (product, stock, ts) values ('Перфоратор', 185, '2021-07-24 18:13:00'::timestamp);
insert into stocks (product, stock, ts) values ('Перфоратор', 173, '2021-07-24 18:17:00'::timestamp);
insert into orders_history (order_id, status, ts) values ('8826810726301530246', 'CANCELLED', '2021-07-24 18:24:30'::timestamp);
insert into stocks (product, stock, ts) values ('Перфоратор', 178, '2021-07-24 18:25:00'::timestamp);
insert into stocks (product, stock, ts) values ('Лампочка', 292, '2021-07-24 18:36:00'::timestamp);
insert into orders (order_id, product, qty, ts) values ('4581835205483714072', 'Отвертка', 14, '2021-07-24 18:45:50'::timestamp);
insert into orders_history (order_id, status, ts) values ('4581835205483714072', 'CREATED', '2021-07-24 18:45:50'::timestamp);
insert into stocks (product, stock, ts) values ('Отвертка', 274, '2021-07-24 18:46:00'::timestamp);
insert into orders (order_id, product, qty, ts) values ('3015691329887705834', 'Отвертка', 3, '2021-07-24 18:46:38'::timestamp);
insert into orders_history (order_id, status, ts) values ('3015691329887705834', 'CREATED', '2021-07-24 18:46:38'::timestamp);
insert into stocks (product, stock, ts) values ('Отвертка', 271, '2021-07-24 18:47:00'::timestamp);
insert into stocks (product, stock, ts) values ('Шпатель', 111, '2021-07-24 18:54:00'::timestamp);
insert into orders_history (order_id, status, ts) values ('4442513647676739766', 'COMPLETED', '2021-07-24 19:05:00'::timestamp);
insert into orders_history (order_id, status, ts) values ('4581835205483714072', 'CANCELLED', '2021-07-24 19:18:50'::timestamp);
insert into stocks (product, stock, ts) values ('Отвертка', 285, '2021-07-24 19:19:00'::timestamp);
insert into orders_history (order_id, status, ts) values ('4332647699556603346', 'CANCELLED', '2021-07-24 19:19:50'::timestamp);
insert into stocks (product, stock, ts) values ('Перфоратор', 180, '2021-07-24 19:20:00'::timestamp);
insert into orders_history (order_id, status, ts) values ('5978425820420723691', 'COMPLETED', '2021-07-24 19:29:00'::timestamp);
insert into stocks (product, stock, ts) values ('Шпатель', 202, '2021-07-24 19:41:00'::timestamp);
insert into orders (order_id, product, qty, ts) values ('660403294303855521', 'Отвертка', 15, '2021-07-24 19:50:49'::timestamp);
insert into orders_history (order_id, status, ts) values ('660403294303855521', 'CREATED', '2021-07-24 19:50:49'::timestamp);
insert into stocks (product, stock, ts) values ('Отвертка', 256, '2021-07-24 19:51:00'::timestamp);
insert into stocks (product, stock, ts) values ('Люстра', 133, '2021-07-24 19:53:00'::timestamp);
insert into orders (order_id, product, qty, ts) values ('1655354187388701097', 'Люстра', 10, '2021-07-24 19:53:33'::timestamp);
insert into orders_history (order_id, status, ts) values ('1655354187388701097', 'CREATED', '2021-07-24 19:53:33'::timestamp);
insert into stocks (product, stock, ts) values ('Люстра', 123, '2021-07-24 19:54:00'::timestamp);
insert into orders_history (order_id, status, ts) values ('3886920416914146297', 'CANCELLED', '2021-07-24 20:01:37'::timestamp);
insert into stocks (product, stock, ts) values ('Люстра', 131, '2021-07-24 20:02:00'::timestamp);
insert into orders_history (order_id, status, ts) values ('4185190488552419497', 'COMPLETED', '2021-07-24 20:13:00'::timestamp);
insert into orders (order_id, product, qty, ts) values ('1102135655392353625', 'Люстра', 6, '2021-07-24 20:26:52'::timestamp);
insert into orders_history (order_id, status, ts) values ('1102135655392353625', 'CREATED', '2021-07-24 20:26:52'::timestamp);
insert into stocks (product, stock, ts) values ('Люстра', 117, '2021-07-24 20:27:00'::timestamp);
insert into stocks (product, stock, ts) values ('Шпатель', 200, '2021-07-24 20:29:00'::timestamp);
insert into orders (order_id, product, qty, ts) values ('4473265133171730430', 'Лампочка', 3, '2021-07-24 20:39:52'::timestamp);
insert into orders_history (order_id, status, ts) values ('4473265133171730430', 'CREATED', '2021-07-24 20:39:52'::timestamp);
insert into stocks (product, stock, ts) values ('Лампочка', 289, '2021-07-24 20:40:00'::timestamp);
insert into orders (order_id, product, qty, ts) values ('2495027539534924894', 'Газонокосилка', 5, '2021-07-24 20:47:32'::timestamp);
insert into orders_history (order_id, status, ts) values ('2495027539534924894', 'CREATED', '2021-07-24 20:47:32'::timestamp);
insert into stocks (product, stock, ts) values ('Газонокосилка', 233, '2021-07-24 20:48:00'::timestamp);
insert into orders (order_id, product, qty, ts) values ('1362488424941752823', 'Шпатель', 5, '2021-07-24 20:56:47'::timestamp);
insert into orders_history (order_id, status, ts) values ('1362488424941752823', 'CREATED', '2021-07-24 20:56:47'::timestamp);
insert into stocks (product, stock, ts) values ('Шпатель', 195, '2021-07-24 20:57:00'::timestamp);
insert into stocks (product, stock, ts) values ('Газонокосилка', 224, '2021-07-24 20:58:00'::timestamp);
insert into orders (order_id, product, qty, ts) values ('8059793951255340224', 'Шпатель', 7, '2021-07-24 21:02:58'::timestamp);
insert into orders_history (order_id, status, ts) values ('8059793951255340224', 'CREATED', '2021-07-24 21:02:58'::timestamp);
insert into stocks (product, stock, ts) values ('Шпатель', 188, '2021-07-24 21:03:00'::timestamp);
insert into stocks (product, stock, ts) values ('Швабра', 48, '2021-07-24 21:12:00'::timestamp);
insert into stocks (product, stock, ts) values ('Газонокосилка', 216, '2021-07-24 21:15:00'::timestamp);
insert into orders_history (order_id, status, ts) values ('7766256847072716596', 'COMPLETED', '2021-07-24 21:19:00'::timestamp);
insert into stocks (product, stock, ts) values ('Швабра', 38, '2021-07-24 21:24:00'::timestamp);
insert into orders_history (order_id, status, ts) values ('3015691329887705834', 'COMPLETED', '2021-07-24 21:30:00'::timestamp);
insert into stocks (product, stock, ts) values ('Швабра', 36, '2021-07-24 21:33:00'::timestamp);
insert into stocks (product, stock, ts) values ('Лампочка', 274, '2021-07-24 21:47:00'::timestamp);
insert into orders_history (order_id, status, ts) values ('1655354187388701097', 'COMPLETED', '2021-07-24 22:02:00'::timestamp);
insert into orders_history (order_id, status, ts) values ('4473265133171730430', 'CANCELLED', '2021-07-24 22:12:46'::timestamp);
insert into stocks (product, stock, ts) values ('Лампочка', 277, '2021-07-24 22:13:00'::timestamp);
insert into orders_history (order_id, status, ts) values ('6641903136945604192', 'COMPLETED', '2021-07-24 22:23:00'::timestamp);
insert into orders_history (order_id, status, ts) values ('1867786161423713058', 'COMPLETED', '2021-07-24 22:30:00'::timestamp);
insert into orders (order_id, product, qty, ts) values ('2068784440616872215', 'Шпатель', 8, '2021-07-24 22:34:32'::timestamp);
insert into orders_history (order_id, status, ts) values ('2068784440616872215', 'CREATED', '2021-07-24 22:34:32'::timestamp);
insert into stocks (product, stock, ts) values ('Шпатель', 180, '2021-07-24 22:35:00'::timestamp);
insert into stocks (product, stock, ts) values ('Лампочка', 333, '2021-07-24 22:38:00'::timestamp);
insert into orders (order_id, product, qty, ts) values ('6408803530351160852', 'Лампочка', 4, '2021-07-24 22:46:51'::timestamp);
insert into orders_history (order_id, status, ts) values ('6408803530351160852', 'CREATED', '2021-07-24 22:46:51'::timestamp);
insert into stocks (product, stock, ts) values ('Лампочка', 329, '2021-07-24 22:47:00'::timestamp);
insert into orders (order_id, product, qty, ts) values ('724314909867562408', 'Люстра', 15, '2021-07-24 22:50:59'::timestamp);
insert into orders_history (order_id, status, ts) values ('724314909867562408', 'CREATED', '2021-07-24 22:50:59'::timestamp);
insert into stocks (product, stock, ts) values ('Люстра', 102, '2021-07-24 22:51:00'::timestamp);
insert into orders_history (order_id, status, ts) values ('660403294303855521', 'COMPLETED', '2021-07-25 09:02:00'::timestamp);
insert into orders_history (order_id, status, ts) values ('2495027539534924894', 'COMPLETED', '2021-07-25 09:12:00'::timestamp);
insert into orders_history (order_id, status, ts) values ('1102135655392353625', 'COMPLETED', '2021-07-25 09:16:00'::timestamp);
insert into orders_history (order_id, status, ts) values ('2068784440616872215', 'COMPLETED', '2021-07-25 09:18:00'::timestamp);
insert into stocks (product, stock, ts) values ('Камин', 60, '2021-07-25 09:25:00'::timestamp);
insert into orders_history (order_id, status, ts) values ('8834920351236185513', 'COMPLETED', '2021-07-25 09:27:00'::timestamp);
insert into stocks (product, stock, ts) values ('Перфоратор', 165, '2021-07-25 09:40:00'::timestamp);
insert into orders_history (order_id, status, ts) values ('8059793951255340224', 'CANCELLED', '2021-07-25 09:40:58'::timestamp);
insert into stocks (product, stock, ts) values ('Шпатель', 187, '2021-07-25 09:41:00'::timestamp);
insert into orders_history (order_id, status, ts) values ('1362488424941752823', 'COMPLETED', '2021-07-25 09:45:00'::timestamp);
insert into orders (order_id, product, qty, ts) values ('1497491272936813801', 'Отвертка', 9, '2021-07-25 09:47:33'::timestamp);
insert into orders_history (order_id, status, ts) values ('1497491272936813801', 'CREATED', '2021-07-25 09:47:33'::timestamp);
insert into stocks (product, stock, ts) values ('Отвертка', 247, '2021-07-25 09:48:00'::timestamp);
insert into orders_history (order_id, status, ts) values ('6408803530351160852', 'COMPLETED', '2021-07-25 09:57:00'::timestamp);
insert into stocks (product, stock, ts) values ('Люстра', 169, '2021-07-25 10:12:00'::timestamp);
insert into orders (order_id, product, qty, ts) values ('5640347393857013812', 'Перфоратор', 7, '2021-07-25 10:21:38'::timestamp);
insert into orders_history (order_id, status, ts) values ('5640347393857013812', 'CREATED', '2021-07-25 10:21:38'::timestamp);
insert into stocks (product, stock, ts) values ('Перфоратор', 158, '2021-07-25 10:22:00'::timestamp);
insert into orders (order_id, product, qty, ts) values ('173727544405213258', 'Швабра', 15, '2021-07-25 10:31:35'::timestamp);
insert into orders_history (order_id, status, ts) values ('173727544405213258', 'CREATED', '2021-07-25 10:31:35'::timestamp);
insert into stocks (product, stock, ts) values ('Швабра', 21, '2021-07-25 10:32:00'::timestamp);
insert into stocks (product, stock, ts) values ('Отвертка', 246, '2021-07-25 10:45:00'::timestamp);
insert into stocks (product, stock, ts) values ('Отвертка', 231, '2021-07-25 10:53:00'::timestamp);
insert into stocks (product, stock, ts) values ('Отвертка', 230, '2021-07-25 11:06:00'::timestamp);
insert into stocks (product, stock, ts) values ('Лампочка', 326, '2021-07-25 11:14:00'::timestamp);
insert into orders (order_id, product, qty, ts) values ('6330101452214844727', 'Перфоратор', 4, '2021-07-25 11:25:47'::timestamp);
insert into orders_history (order_id, status, ts) values ('6330101452214844727', 'CREATED', '2021-07-25 11:25:47'::timestamp);
insert into stocks (product, stock, ts) values ('Перфоратор', 154, '2021-07-25 11:26:00'::timestamp);
insert into stocks (product, stock, ts) values ('Шпатель', 169, '2021-07-25 11:40:00'::timestamp);
insert into orders (order_id, product, qty, ts) values ('5028900465166893002', 'Швабра', 11, '2021-07-25 11:47:38'::timestamp);
insert into orders_history (order_id, status, ts) values ('5028900465166893002', 'CREATED', '2021-07-25 11:47:38'::timestamp);
insert into stocks (product, stock, ts) values ('Швабра', 10, '2021-07-25 11:48:00'::timestamp);
insert into stocks (product, stock, ts) values ('Камин', 47, '2021-07-25 11:55:00'::timestamp);
insert into orders (order_id, product, qty, ts) values ('3269679397278857534', 'Швабра', 1, '2021-07-25 11:59:43'::timestamp);
insert into orders_history (order_id, status, ts) values ('3269679397278857534', 'CREATED', '2021-07-25 11:59:43'::timestamp);
insert into stocks (product, stock, ts) values ('Швабра', 9, '2021-07-25 12:00:00'::timestamp);
insert into stocks (product, stock, ts) values ('Отвертка', 221, '2021-07-25 12:15:00'::timestamp);
insert into stocks (product, stock, ts) values ('Лампочка', 316, '2021-07-25 12:16:00'::timestamp);
insert into stocks (product, stock, ts) values ('Швабра', 0, '2021-07-25 12:28:00'::timestamp);
insert into orders_history (order_id, status, ts) values ('724314909867562408', 'COMPLETED', '2021-07-25 12:43:00'::timestamp);
insert into orders (order_id, product, qty, ts) values ('2187544147645456168', 'Шпатель', 10, '2021-07-25 12:52:59'::timestamp);
insert into orders_history (order_id, status, ts) values ('2187544147645456168', 'CREATED', '2021-07-25 12:52:59'::timestamp);
insert into stocks (product, stock, ts) values ('Шпатель', 159, '2021-07-25 12:53:00'::timestamp);
insert into stocks (product, stock, ts) values ('Камин', 33, '2021-07-25 12:58:00'::timestamp);
insert into orders_history (order_id, status, ts) values ('1497491272936813801', 'COMPLETED', '2021-07-25 13:01:00'::timestamp);
insert into orders_history (order_id, status, ts) values ('5028900465166893002', 'CANCELLED', '2021-07-25 13:02:50'::timestamp);
insert into stocks (product, stock, ts) values ('Швабра', 11, '2021-07-25 13:03:00'::timestamp);
insert into stocks (product, stock, ts) values ('Лампочка', 312, '2021-07-25 13:13:00'::timestamp);
insert into orders (order_id, product, qty, ts) values ('3399845712942535579', 'Камин', 8, '2021-07-25 13:20:46'::timestamp);
insert into orders_history (order_id, status, ts) values ('3399845712942535579', 'CREATED', '2021-07-25 13:20:46'::timestamp);
insert into stocks (product, stock, ts) values ('Камин', 25, '2021-07-25 13:21:00'::timestamp);
insert into orders_history (order_id, status, ts) values ('5640347393857013812', 'CANCELLED', '2021-07-25 13:34:57'::timestamp);
insert into stocks (product, stock, ts) values ('Перфоратор', 161, '2021-07-25 13:35:00'::timestamp);
insert into stocks (product, stock, ts) values ('Газонокосилка', 203, '2021-07-25 13:47:00'::timestamp);
insert into stocks (product, stock, ts) values ('Камин', 23, '2021-07-25 13:58:00'::timestamp);
insert into stocks (product, stock, ts) values ('Камин', 38, '2021-07-25 14:07:00'::timestamp);
insert into orders (order_id, product, qty, ts) values ('8392434425724176039', 'Люстра', 10, '2021-07-25 14:16:45'::timestamp);
insert into orders_history (order_id, status, ts) values ('8392434425724176039', 'CREATED', '2021-07-25 14:16:45'::timestamp);
insert into stocks (product, stock, ts) values ('Люстра', 159, '2021-07-25 14:17:00'::timestamp);
insert into orders (order_id, product, qty, ts) values ('1200991948037723251', 'Газонокосилка', 1, '2021-07-25 14:41:37'::timestamp);
insert into orders_history (order_id, status, ts) values ('1200991948037723251', 'CREATED', '2021-07-25 14:41:37'::timestamp);
insert into stocks (product, stock, ts) values ('Газонокосилка', 202, '2021-07-25 14:42:00'::timestamp);
insert into orders (order_id, product, qty, ts) values ('4413380901356780486', 'Камин', 11, '2021-07-25 14:42:54'::timestamp);
insert into orders_history (order_id, status, ts) values ('4413380901356780486', 'CREATED', '2021-07-25 14:42:54'::timestamp);
insert into stocks (product, stock, ts) values ('Камин', 27, '2021-07-25 14:43:00'::timestamp);
insert into stocks (product, stock, ts) values ('Отвертка', 220, '2021-07-25 14:58:00'::timestamp);
insert into orders_history (order_id, status, ts) values ('6330101452214844727', 'COMPLETED', '2021-07-25 15:05:00'::timestamp);
insert into stocks (product, stock, ts) values ('Газонокосилка', 196, '2021-07-25 15:12:00'::timestamp);
insert into orders (order_id, product, qty, ts) values ('3026389374472464444', 'Лампочка', 8, '2021-07-25 15:21:33'::timestamp);
insert into orders_history (order_id, status, ts) values ('3026389374472464444', 'CREATED', '2021-07-25 15:21:33'::timestamp);
insert into stocks (product, stock, ts) values ('Лампочка', 304, '2021-07-25 15:22:00'::timestamp);
insert into orders_history (order_id, status, ts) values ('173727544405213258', 'COMPLETED', '2021-07-25 15:32:00'::timestamp);
insert into stocks (product, stock, ts) values ('Шпатель', 151, '2021-07-25 15:38:00'::timestamp);
insert into orders_history (order_id, status, ts) values ('8392434425724176039', 'CANCELLED', '2021-07-25 15:45:57'::timestamp);
insert into stocks (product, stock, ts) values ('Люстра', 169, '2021-07-25 15:46:00'::timestamp);
insert into orders_history (order_id, status, ts) values ('3026389374472464444', 'CANCELLED', '2021-07-25 15:54:41'::timestamp);
insert into stocks (product, stock, ts) values ('Лампочка', 312, '2021-07-25 15:55:00'::timestamp);
insert into stocks (product, stock, ts) values ('Газонокосилка', 188, '2021-07-25 16:07:00'::timestamp);
insert into orders (order_id, product, qty, ts) values ('5966485384778934474', 'Отвертка', 10, '2021-07-25 16:16:43'::timestamp);
insert into orders_history (order_id, status, ts) values ('5966485384778934474', 'CREATED', '2021-07-25 16:16:43'::timestamp);
insert into stocks (product, stock, ts) values ('Отвертка', 210, '2021-07-25 16:17:00'::timestamp);
insert into stocks (product, stock, ts) values ('Камин', 25, '2021-07-25 16:29:00'::timestamp);
insert into stocks (product, stock, ts) values ('Швабра', 18, '2021-07-25 16:39:00'::timestamp);
insert into orders (order_id, product, qty, ts) values ('5663414082962108553', 'Газонокосилка', 9, '2021-07-25 16:44:55'::timestamp);
insert into orders_history (order_id, status, ts) values ('5663414082962108553', 'CREATED', '2021-07-25 16:44:55'::timestamp);
insert into stocks (product, stock, ts) values ('Газонокосилка', 179, '2021-07-25 16:45:00'::timestamp);
insert into orders_history (order_id, status, ts) values ('3399845712942535579', 'COMPLETED', '2021-07-25 16:48:00'::timestamp);
insert into orders (order_id, product, qty, ts) values ('4377009556130293292', 'Газонокосилка', 4, '2021-07-25 16:55:48'::timestamp);
insert into orders_history (order_id, status, ts) values ('4377009556130293292', 'CREATED', '2021-07-25 16:55:48'::timestamp);
insert into stocks (product, stock, ts) values ('Газонокосилка', 175, '2021-07-25 16:56:00'::timestamp);
insert into orders_history (order_id, status, ts) values ('1200991948037723251', 'COMPLETED', '2021-07-25 17:01:00'::timestamp);
insert into orders (order_id, product, qty, ts) values ('5804454978459688489', 'Камин', 5, '2021-07-25 17:01:33'::timestamp);
insert into orders_history (order_id, status, ts) values ('5804454978459688489', 'CREATED', '2021-07-25 17:01:33'::timestamp);
insert into stocks (product, stock, ts) values ('Камин', 20, '2021-07-25 17:02:00'::timestamp);
insert into stocks (product, stock, ts) values ('Швабра', 17, '2021-07-25 17:17:00'::timestamp);
insert into orders (order_id, product, qty, ts) values ('1838328233858297043', 'Люстра', 3, '2021-07-25 17:29:56'::timestamp);
insert into orders_history (order_id, status, ts) values ('1838328233858297043', 'CREATED', '2021-07-25 17:29:56'::timestamp);
insert into stocks (product, stock, ts) values ('Люстра', 156, '2021-07-25 17:30:00'::timestamp);
insert into orders_history (order_id, status, ts) values ('4413380901356780486', 'CANCELLED', '2021-07-25 17:31:54'::timestamp);
insert into stocks (product, stock, ts) values ('Камин', 31, '2021-07-25 17:32:00'::timestamp);
insert into orders (order_id, product, qty, ts) values ('2242626376411516150', 'Камин', 3, '2021-07-25 17:42:36'::timestamp);
insert into orders_history (order_id, status, ts) values ('2242626376411516150', 'CREATED', '2021-07-25 17:42:36'::timestamp);
insert into stocks (product, stock, ts) values ('Камин', 17, '2021-07-25 17:43:00'::timestamp);
insert into orders (order_id, product, qty, ts) values ('6135322777831776774', 'Камин', 2, '2021-07-25 17:52:42'::timestamp);
insert into orders_history (order_id, status, ts) values ('6135322777831776774', 'CREATED', '2021-07-25 17:52:42'::timestamp);
insert into stocks (product, stock, ts) values ('Камин', 15, '2021-07-25 17:53:00'::timestamp);
insert into stocks (product, stock, ts) values ('Газонокосилка', 165, '2021-07-25 17:56:00'::timestamp);
insert into orders (order_id, product, qty, ts) values ('4629538995182784763', 'Перфоратор', 7, '2021-07-25 17:57:38'::timestamp);
insert into orders_history (order_id, status, ts) values ('4629538995182784763', 'CREATED', '2021-07-25 17:57:38'::timestamp);
insert into stocks (product, stock, ts) values ('Перфоратор', 147, '2021-07-25 17:58:00'::timestamp);
insert into orders (order_id, product, qty, ts) values ('8373290862649084646', 'Отвертка', 11, '2021-07-25 18:01:41'::timestamp);
insert into orders_history (order_id, status, ts) values ('8373290862649084646', 'CREATED', '2021-07-25 18:01:41'::timestamp);
insert into stocks (product, stock, ts) values ('Отвертка', 199, '2021-07-25 18:02:00'::timestamp);
insert into orders (order_id, product, qty, ts) values ('5492686746084832272', 'Отвертка', 13, '2021-07-25 18:10:32'::timestamp);
insert into orders_history (order_id, status, ts) values ('5492686746084832272', 'CREATED', '2021-07-25 18:10:32'::timestamp);
insert into stocks (product, stock, ts) values ('Отвертка', 186, '2021-07-25 18:11:00'::timestamp);
insert into orders (order_id, product, qty, ts) values ('4605953857856423218', 'Отвертка', 9, '2021-07-25 18:13:41'::timestamp);
insert into orders_history (order_id, status, ts) values ('4605953857856423218', 'CREATED', '2021-07-25 18:13:41'::timestamp);
insert into stocks (product, stock, ts) values ('Отвертка', 177, '2021-07-25 18:14:00'::timestamp);
insert into orders_history (order_id, status, ts) values ('1838328233858297043', 'CANCELLED', '2021-07-25 18:25:35'::timestamp);
insert into stocks (product, stock, ts) values ('Люстра', 159, '2021-07-25 18:26:00'::timestamp);
insert into stocks (product, stock, ts) values ('Перфоратор', 141, '2021-07-25 18:41:00'::timestamp);
insert into stocks (product, stock, ts) values ('Газонокосилка', 156, '2021-07-25 18:53:00'::timestamp);
insert into orders (order_id, product, qty, ts) values ('5255753430397035811', 'Отвертка', 7, '2021-07-25 18:57:36'::timestamp);
insert into orders_history (order_id, status, ts) values ('5255753430397035811', 'CREATED', '2021-07-25 18:57:36'::timestamp);
insert into stocks (product, stock, ts) values ('Отвертка', 170, '2021-07-25 18:58:00'::timestamp);
insert into orders_history (order_id, status, ts) values ('3269679397278857534', 'CANCELLED', '2021-07-25 19:06:00'::timestamp);
insert into stocks (product, stock, ts) values ('Швабра', 18, '2021-07-25 19:06:00'::timestamp);
insert into orders_history (order_id, status, ts) values ('6135322777831776774', 'COMPLETED', '2021-07-25 19:14:00'::timestamp);
insert into orders (order_id, product, qty, ts) values ('602692346700849233', 'Шпатель', 9, '2021-07-25 19:25:35'::timestamp);
insert into orders_history (order_id, status, ts) values ('602692346700849233', 'CREATED', '2021-07-25 19:25:35'::timestamp);
insert into stocks (product, stock, ts) values ('Шпатель', 142, '2021-07-25 19:26:00'::timestamp);
insert into orders (order_id, product, qty, ts) values ('5268504943654368967', 'Камин', 8, '2021-07-25 19:26:57'::timestamp);
insert into orders_history (order_id, status, ts) values ('5268504943654368967', 'CREATED', '2021-07-25 19:26:57'::timestamp);
insert into stocks (product, stock, ts) values ('Камин', 7, '2021-07-25 19:27:00'::timestamp);
insert into stocks (product, stock, ts) values ('Шпатель', 140, '2021-07-25 19:38:00'::timestamp);
insert into stocks (product, stock, ts) values ('Швабра', 7, '2021-07-25 19:43:00'::timestamp);
insert into stocks (product, stock, ts) values ('Шпатель', 173, '2021-07-25 19:56:00'::timestamp);
insert into orders_history (order_id, status, ts) values ('2187544147645456168', 'COMPLETED', '2021-07-25 20:01:00'::timestamp);
insert into stocks (product, stock, ts) values ('Газонокосилка', 147, '2021-07-25 20:04:00'::timestamp);
insert into orders (order_id, product, qty, ts) values ('5833000789020031351', 'Швабра', 5, '2021-07-25 20:16:55'::timestamp);
insert into orders_history (order_id, status, ts) values ('5833000789020031351', 'CREATED', '2021-07-25 20:16:55'::timestamp);
insert into stocks (product, stock, ts) values ('Швабра', 2, '2021-07-25 20:17:00'::timestamp);
insert into stocks (product, stock, ts) values ('Лампочка', 302, '2021-07-25 20:21:00'::timestamp);
insert into orders (order_id, product, qty, ts) values ('7416584964594752639', 'Лампочка', 7, '2021-07-25 20:31:54'::timestamp);
insert into orders_history (order_id, status, ts) values ('7416584964594752639', 'CREATED', '2021-07-25 20:31:54'::timestamp);
insert into stocks (product, stock, ts) values ('Лампочка', 295, '2021-07-25 20:32:00'::timestamp);
insert into orders_history (order_id, status, ts) values ('5663414082962108553', 'COMPLETED', '2021-07-25 20:42:00'::timestamp);
insert into orders_history (order_id, status, ts) values ('5255753430397035811', 'COMPLETED', '2021-07-25 20:43:00'::timestamp);
insert into orders_history (order_id, status, ts) values ('4605953857856423218', 'COMPLETED', '2021-07-25 20:58:00'::timestamp);
insert into orders_history (order_id, status, ts) values ('4377009556130293292', 'COMPLETED', '2021-07-25 21:08:00'::timestamp);
insert into orders_history (order_id, status, ts) values ('5492686746084832272', 'COMPLETED', '2021-07-25 21:16:00'::timestamp);
insert into stocks (product, stock, ts) values ('Швабра', 0, '2021-07-25 21:21:00'::timestamp);
insert into orders (order_id, product, qty, ts) values ('6930862874911299304', 'Лампочка', 4, '2021-07-25 21:33:58'::timestamp);
insert into orders_history (order_id, status, ts) values ('6930862874911299304', 'CREATED', '2021-07-25 21:33:58'::timestamp);
insert into stocks (product, stock, ts) values ('Лампочка', 291, '2021-07-25 21:34:00'::timestamp);
insert into orders_history (order_id, status, ts) values ('5804454978459688489', 'COMPLETED', '2021-07-25 21:43:00'::timestamp);
insert into stocks (product, stock, ts) values ('Перфоратор', 127, '2021-07-25 21:44:00'::timestamp);
insert into stocks (product, stock, ts) values ('Отвертка', 161, '2021-07-25 21:56:00'::timestamp);
insert into orders_history (order_id, status, ts) values ('4629538995182784763', 'COMPLETED', '2021-07-25 22:10:00'::timestamp);